n,degF,degG,degMAX,degOUT,tINITIALISE,tEVALUATE,tMULTIPLY,tCONSTRUCT,tRETURN,tTOTAL,CORRECTNESS
11,0,1,1,1,0,0,0,0,0,0,1
11,1,1,1,2,0,0,0,0,0,0,1
11,1,2,2,3,0,0,0,0,0,0,1
11,2,2,2,4,0,0,0,0,0,0,1
11,3,3,3,6,0,0,0,0,0,0,1
11,3,3,3,6,0,0,0,0,0,0,1
11,3,3,3,6,0,0,0,0,0,0,1
347,0,1,1,1,0,0,0,0,0,0,1
347,1,1,1,2,0,0,0,0,0,0,1
347,1,2,2,3,0,0,0,0,0,0,1
347,2,2,2,4,0,0,0,0,0,0,1
347,4,4,4,8,0,0,0,0,0,0,1
347,3,8,8,11,0,0,0,0,0,0,1
347,8,8,8,16,0,0,0,0,0,0,1
347,11,16,16,27,0,0,0,0,0,0,1
347,16,16,16,32,0,0,0,0,0,0,1
347,27,27,27,54,0,0,0,0,0,0,1
347,27,27,27,54,0,0,0,0,0,0,1
347,27,27,27,54,0,0,0,0,0,0,1
347,27,27,27,54,0,0,0,0,0,0,1
347,27,27,27,54,0,0,0,0,0,0,1
347,27,27,27,54,0,0,0,0,0,0,1
9929,0,1,1,1,0,0,0,0,0,0,1
9929,1,1,1,2,0,0,0,0,0,0,1
9929,2,2,2,4,0,0,0,0,0,0,1
9929,4,4,4,8,0,0,0,0,0,0,1
9929,1,8,8,9,0,0,0,0,0,0,1
9929,8,8,8,16,0,0,0,0,0,0,1
9929,16,16,16,32,0,0,0,0,0,0,1
9929,32,32,32,64,0,0,0,0,0,0,1
9929,9,64,64,73,0,0,0,0,0,0,1
9929,64,64,64,128,0,0,0,0,0,0,1
9929,73,83,83,156,0,0,0,0,0,0,1
9929,83,83,83,166,0,0,0,0,0,0,1
9929,83,83,83,166,0,0,0,0,0,0,1
9929,83,83,83,166,0,0,0,0,0,0,1
9929,83,83,83,166,0,0,0,0,0,0,1
9929,83,83,83,166,0,0,0,0,0,0,1
9929,83,83,83,166,0,0,0,0,0,0,1
9929,83,83,83,166,0,0,0,0,0,0,1
9929,83,83,83,166,0,0,0,0,0,0,1
9929,83,83,83,166,0,0,0,0,0,0,1
9929,83,83,83,166,0,0,0,0,0,0,1
32353,0,1,1,1,0,0,0,0,0,0,1
32353,1,1,1,2,0,0,0,0,0,0,1
32353,2,2,2,4,0,0,0,0,0,0,1
32353,4,4,4,8,0,0,0,0,0,0,1
32353,8,8,8,16,0,0,0,0,0,0,1
32353,16,16,16,32,0,0,0,0,0,0,1
32353,1,32,32,33,0,0,0,0,0,0,1
32353,32,32,32,64,0,0,0,0,0,0,1
32353,33,64,64,97,0,0,0,0,0,0,1
32353,64,64,64,128,0,0,0,0,0,0,1
32353,111,111,111,222,0,0,0,0,0,0,1
32353,111,111,111,222,0,0,0,0,0,0,1
32353,97,111,111,208,0,0,0,0,0,0,1
32353,111,111,111,222,0,0,0,0,0,0,1
32353,111,111,111,222,0,0,0,0,0,0,1
32353,111,111,111,222,0,0,0,0,0,0,1
32353,111,111,111,222,0,0,0,0,0,0,1
32353,111,111,111,222,0,0,0,0,0,0,1
32353,111,111,111,222,0,0,0,0,0,0,1
32353,111,111,111,222,0,0,0,0,0,0,1
32353,111,111,111,222,0,0,0,0,0,0,1
32353,111,111,111,222,0,0,0,0,0,0,1
32353,111,111,111,222,0,0,0,0,0,0,1
32353,111,111,111,222,0,0,0,0,0,0,1
104527,0,1,1,1,0,0,0,0,0,0,1
104527,1,1,1,2,0,0,0,0,0,0,1
104527,1,2,2,3,0,0,0,0,0,0,1
104527,2,2,2,4,0,0,0,0,0,0,1
104527,3,4,4,7,0,0,0,0,0,0,1
104527,4,4,4,8,0,0,0,0,0,0,1
104527,7,8,8,15,0,0,0,0,0,0,1
104527,8,8,8,16,0,0,0,0,0,0,1
104527,16,16,16,32,0,0,0,0,0,0,1
104527,32,32,32,64,0,0,0,0,0,0,1
104527,15,64,64,79,0,0,0,0,0,0,1
104527,64,64,64,128,0,0,0,0,0,0,1
104527,127,127,127,254,0,0,0,1,0,1,1
104527,127,127,127,254,0,0,0,1,0,1,1
104527,127,127,127,254,0,0,0,1,0,1,1
104527,127,127,127,254,0,0,0,1,0,1,1
104527,79,127,127,206,0,0,0,0,0,0,1
104527,127,127,127,254,0,0,0,1,0,1,1
104527,127,127,127,254,0,0,0,1,0,1,1
104527,127,127,127,254,0,0,0,1,0,1,1
104527,127,127,127,254,0,0,0,1,0,1,1
104527,127,127,127,254,0,0,0,1,0,1,1
104527,127,127,127,254,0,0,0,1,0,1,1
104527,127,127,127,254,0,0,0,1,0,1,1
104527,127,127,127,254,0,0,0,1,0,1,1
104527,127,127,127,254,0,0,0,1,0,1,1
7741009,0,1,1,1,0,0,0,0,0,0,1
7741009,1,1,1,2,0,0,0,0,0,0,1
7741009,2,2,2,4,0,0,0,0,0,0,1
7741009,4,4,4,8,0,0,0,0,0,0,1
7741009,8,8,8,16,0,0,0,0,0,0,1
7741009,1,16,16,17,0,0,0,0,0,0,1
7741009,16,16,16,32,0,0,0,0,0,0,1
7741009,32,32,32,64,0,0,0,0,0,0,1
7741009,17,64,64,81,0,0,0,0,0,0,1
7741009,64,64,64,128,0,0,0,0,0,0,1
7741009,128,128,128,256,0,0,0,1,0,1,1
7741009,231,231,231,462,0,0,0,3,0,4,1
7741009,81,231,231,312,0,0,0,1,0,2,1
7741009,231,231,231,462,0,0,0,3,0,4,1
7741009,231,231,231,462,0,0,0,3,0,4,1
7741009,231,231,231,462,0,0,0,3,0,4,1
7741009,231,231,231,462,0,0,0,3,0,4,1
7741009,231,231,231,462,0,0,0,3,0,4,1
7741009,231,231,231,462,0,0,0,3,0,4,1
7741009,231,231,231,462,0,0,0,3,0,4,1
7741009,231,231,231,462,0,0,0,3,0,4,1
7741009,231,231,231,462,0,0,0,3,0,4,1
7741009,231,231,231,462,0,0,0,3,0,4,1
7741009,231,231,231,462,0,0,0,3,0,4,1
7741009,231,231,231,462,0,0,0,3,0,4,1
7741009,231,231,231,462,0,0,0,3,0,4,1
7741009,231,231,231,462,0,0,0,3,0,4,1
7741009,231,231,231,462,0,0,0,3,0,4,1
7741009,231,231,231,462,0,0,0,4,0,4,1
7741009,231,231,231,462,0,0,0,3,0,4,1
7741009,231,231,231,462,0,0,0,3,0,4,1
7741009,231,231,231,462,0,0,0,4,0,4,1
7741009,231,231,231,462,0,0,0,3,0,4,1
7741009,231,231,231,462,0,0,0,3,0,4,1
7741009,231,231,231,462,0,0,0,4,0,4,1
2968813,0,1,1,1,0,0,0,0,0,0,1
2968813,1,1,1,2,0,0,0,0,0,0,1
2968813,2,2,2,4,0,0,0,0,0,0,1
2968813,1,4,4,5,0,0,0,0,0,0,1
2968813,4,4,4,8,0,0,0,0,0,0,1
2968813,5,8,8,13,0,0,0,0,0,0,1
2968813,8,8,8,16,0,0,0,0,0,0,1
2968813,16,16,16,32,0,0,0,0,0,0,1
2968813,13,32,32,45,0,0,0,0,0,0,1
2968813,32,32,32,64,0,0,0,0,0,0,1
2968813,45,64,64,109,0,0,0,0,0,0,1
2968813,64,64,64,128,0,0,0,0,0,0,1
2968813,109,128,128,237,0,0,0,1,0,1,1
2968813,128,128,128,256,0,0,0,1,0,1,1
2968813,207,207,207,414,0,0,0,3,0,3,1
2968813,207,207,207,414,0,0,0,3,0,3,1
2968813,207,207,207,414,0,0,0,3,0,3,1
2968813,207,207,207,414,0,0,0,3,0,3,1
2968813,207,207,207,414,0,0,0,3,0,3,1
2968813,207,207,207,414,0,0,0,3,0,3,1
2968813,207,207,207,414,0,0,0,3,0,3,1
2968813,207,207,207,414,0,0,0,3,0,4,1
2968813,207,207,207,414,0,0,0,3,0,3,1
2968813,207,207,207,414,0,1,0,3,0,5,1
2968813,207,207,207,414,0,0,0,3,0,3,1
2968813,207,207,207,414,0,0,0,3,0,3,1
2968813,207,207,207,414,0,0,0,3,0,3,1
2968813,207,207,207,414,0,0,0,3,0,3,1
2968813,207,207,207,414,0,0,0,3,0,3,1
2968813,207,207,207,414,0,0,0,3,0,3,1
2968813,207,207,207,414,0,0,0,2,0,3,1
2968813,207,207,207,414,0,0,0,3,0,3,1
2968813,207,207,207,414,0,0,0,3,0,3,1
2968813,207,207,207,414,0,0,0,3,0,3,1
2968813,207,207,207,414,0,0,0,3,0,3,1
86456873,0,1,1,1,0,0,0,0,0,0,1
86456873,1,1,1,2,0,0,0,0,0,0,1
86456873,2,2,2,4,0,0,0,0,0,0,1
86456873,4,4,4,8,0,0,0,0,0,0,1
86456873,1,8,8,9,0,0,0,0,0,0,1
86456873,8,8,8,16,0,0,0,0,0,0,1
86456873,16,16,16,32,0,0,0,0,0,0,1
86456873,9,32,32,41,0,0,0,0,0,0,1
86456873,32,32,32,64,0,0,0,0,0,0,1
86456873,64,64,64,128,0,0,0,0,0,0,1
86456873,128,128,128,256,0,0,0,1,0,1,1
86456873,256,256,256,512,0,0,0,5,0,6,1
86456873,41,339,339,380,0,0,0,3,0,3,1
86456873,339,339,339,678,0,1,0,8,0,10,1
86456873,339,339,339,678,0,1,0,8,0,10,1
86456873,339,339,339,678,0,1,0,8,0,10,1
86456873,339,339,339,678,0,1,0,9,0,10,1
86456873,339,339,339,678,0,1,0,8,0,10,1
86456873,339,339,339,678,0,2,0,8,0,11,1
86456873,339,339,339,678,0,1,0,9,0,10,1
86456873,339,339,339,678,0,1,0,8,0,10,1
86456873,339,339,339,678,0,1,0,8,0,10,1
86456873,339,339,339,678,0,1,0,9,0,10,1
86456873,339,339,339,678,0,1,0,8,0,10,1
86456873,339,339,339,678,0,1,0,9,0,10,1
86456873,339,339,339,678,0,1,0,9,0,10,1
86456873,339,339,339,678,0,1,0,8,0,9,1
86456873,339,339,339,678,0,1,0,8,0,10,1
86456873,339,339,339,678,0,1,0,8,0,10,1
86456873,339,339,339,678,0,1,0,9,0,10,1
86456873,339,339,339,678,0,1,0,9,0,11,1
86456873,339,339,339,678,0,1,0,8,0,10,1
86456873,339,339,339,678,0,1,0,8,0,9,1
86456873,339,339,339,678,0,1,0,8,0,10,1
86456873,339,339,339,678,0,1,0,8,0,10,1
86456873,339,339,339,678,0,1,0,8,0,10,1
86456873,339,339,339,678,0,1,0,8,0,10,1
86456873,339,339,339,678,0,1,0,8,0,10,1
86456873,339,339,339,678,0,1,0,8,0,10,1
86456873,339,339,339,678,0,1,0,8,0,10,1
200000033,0,1,1,1,0,0,0,0,0,0,1
200000033,1,1,1,2,0,0,0,0,0,0,1
200000033,2,2,2,4,0,0,0,0,0,0,1
200000033,4,4,4,8,0,0,0,0,0,0,1
200000033,8,8,8,16,0,0,0,0,0,0,1
200000033,16,16,16,32,0,0,0,0,0,0,1
200000033,1,32,32,33,0,0,0,0,0,0,1
200000033,32,32,32,64,0,0,0,0,0,0,1
200000033,64,64,64,128,0,0,0,0,0,0,1
200000033,128,128,128,256,0,0,0,1,0,1,1
200000033,256,256,256,512,0,0,0,5,0,6,1
200000033,33,371,371,404,0,0,0,3,0,4,1
200000033,371,371,371,742,0,1,0,10,0,12,1
200000033,371,371,371,742,0,1,0,10,0,12,1
200000033,371,371,371,742,0,1,0,10,0,12,1
200000033,371,371,371,742,0,1,0,10,0,12,1
200000033,371,371,371,742,0,1,0,10,0,12,1
200000033,371,371,371,742,0,1,0,10,0,12,1
200000033,371,371,371,742,0,1,0,11,0,12,1
200000033,371,371,371,742,0,1,0,10,0,12,1
200000033,371,371,371,742,0,1,0,10,0,12,1
200000033,371,371,371,742,0,1,0,10,0,12,1
200000033,371,371,371,742,0,1,0,11,0,12,1
200000033,371,371,371,742,0,1,0,10,0,12,1
200000033,371,371,371,742,0,1,0,10,0,12,1
200000033,371,371,371,742,0,1,0,10,0,12,1
200000033,371,371,371,742,0,1,0,11,0,12,1
200000033,371,371,371,742,0,1,0,10,0,12,1
200000033,371,371,371,742,0,1,0,10,0,12,1
200000033,371,371,371,742,0,1,0,22,0,24,1
200000033,371,371,371,742,0,1,0,10,0,12,1
200000033,371,371,371,742,0,1,0,10,0,12,1
200000033,371,371,371,742,0,1,0,11,0,13,1
200000033,371,371,371,742,0,1,0,10,0,12,1
200000033,371,371,371,742,0,1,0,11,0,12,1
200000033,371,371,371,742,0,1,0,10,0,12,1
200000033,371,371,371,742,0,1,0,10,0,12,1
200000033,371,371,371,742,0,1,0,10,0,12,1
200000033,371,371,371,742,0,1,0,10,0,12,1
200000033,371,371,371,742,0,1,0,10,0,12,1
200000033,371,371,371,742,0,1,0,10,0,12,1
200000033,371,371,371,742,0,1,0,10,0,12,1
9999954997,0,1,1,1,0,0,0,0,0,0,1
9999954997,1,1,1,2,0,0,0,0,0,0,1
9999954997,2,2,2,4,0,0,0,0,0,0,1
9999954997,1,4,4,5,0,0,0,0,0,0,1
9999954997,4,4,4,8,0,0,0,0,0,0,1
9999954997,8,8,8,16,0,0,0,0,0,0,1
9999954997,5,16,16,21,0,0,0,0,0,0,1
9999954997,16,16,16,32,0,0,0,0,0,0,1
9999954997,21,32,32,53,0,0,0,0,0,0,1
9999954997,32,32,32,64,0,0,0,0,0,0,1
9999954997,64,64,64,128,0,0,0,0,0,0,1
9999954997,128,128,128,256,0,0,0,2,0,2,1
9999954997,256,256,256,512,0,1,0,10,0,11,1
9999954997,512,512,512,1024,0,3,0,32,0,35,1
9999954997,53,541,541,594,0,1,0,11,0,13,1
9999954997,541,541,541,1082,0,3,0,35,0,39,1
9999954997,541,541,541,1082,0,3,0,36,0,40,1
9999954997,541,541,541,1082,0,3,0,36,0,40,1
9999954997,541,541,541,1082,0,3,0,34,0,38,1
9999954997,541,541,541,1082,0,3,0,36,0,40,1
9999954997,541,541,541,1082,0,3,0,35,0,39,1
9999954997,541,541,541,1082,0,3,0,35,0,39,1
9999954997,541,541,541,1082,0,3,0,34,0,38,1
9999954997,541,541,541,1082,0,3,0,36,0,40,1
9999954997,541,541,541,1082,0,3,0,34,0,38,1
9999954997,541,541,541,1082,0,3,0,36,0,40,1
9999954997,541,541,541,1082,0,3,0,34,0,38,1
9999954997,541,541,541,1082,0,3,0,35,0,39,1
9999954997,541,541,541,1082,0,3,0,34,0,38,1
9999954997,541,541,541,1082,0,3,0,35,0,39,1
9999954997,541,541,541,1082,0,3,0,34,0,38,1
9999954997,541,541,541,1082,0,3,0,36,0,39,1
9999954997,541,541,541,1082,0,3,0,34,0,38,1
9999954997,541,541,541,1082,0,3,0,36,0,40,1
9999954997,541,541,541,1082,0,3,0,34,0,38,1
9999954997,541,541,541,1082,0,3,0,36,0,39,1
9999954997,541,541,541,1082,0,3,0,34,0,38,1
9999954997,541,541,541,1082,0,3,0,36,0,40,1
9999954997,541,541,541,1082,0,3,0,36,0,40,1
9999954997,541,541,541,1082,0,3,0,37,0,41,1
9999954997,541,541,541,1082,0,3,0,36,0,41,1
9999954997,541,541,541,1082,0,3,0,37,0,41,1
9999954997,541,541,541,1082,0,3,0,35,0,39,1
9999954997,541,541,541,1082,0,3,0,37,0,41,1
9999954997,541,541,541,1082,0,3,0,35,0,39,1
9999954997,541,541,541,1082,0,3,0,36,0,40,1
9999954997,541,541,541,1082,0,3,0,36,0,40,1
9999954997,541,541,541,1082,0,3,0,36,0,40,1
10015571473,0,1,1,1,0,0,0,0,0,0,1
10015571473,1,1,1,2,0,0,0,0,0,0,1
10015571473,2,2,2,4,0,0,0,0,0,0,1
10015571473,4,4,4,8,0,0,0,0,0,0,1
10015571473,8,8,8,16,0,0,0,0,0,0,1
10015571473,1,16,16,17,0,0,0,0,0,0,1
10015571473,16,16,16,32,0,0,0,0,0,0,1
10015571473,32,32,32,64,0,0,0,0,0,0,1
10015571473,64,64,64,128,0,0,0,0,0,0,1
10015571473,128,128,128,256,0,0,0,2,0,2,1
10015571473,256,256,256,512,0,1,0,8,0,10,1
10015571473,17,512,512,529,0,1,0,9,0,11,1
10015571473,512,512,512,1024,0,3,0,34,0,38,1
10015571473,529,559,559,1088,0,3,0,36,0,41,1
10015571473,559,559,559,1118,0,3,0,38,0,42,1
10015571473,559,559,559,1118,0,3,0,37,0,41,1
10015571473,559,559,559,1118,0,3,0,38,0,42,1
10015571473,559,559,559,1118,0,3,0,36,0,40,1
10015571473,559,559,559,1118,0,3,0,38,0,42,1
10015571473,559,559,559,1118,0,3,0,36,0,40,1
10015571473,559,559,559,1118,0,3,0,38,0,42,1
10015571473,559,559,559,1118,0,3,0,37,0,41,1
10015571473,559,559,559,1118,0,3,0,38,0,43,1
10015571473,559,559,559,1118,0,3,0,37,0,41,1
10015571473,559,559,559,1118,0,3,0,38,0,42,1
10015571473,559,559,559,1118,0,3,0,37,0,41,1
10015571473,559,559,559,1118,0,3,0,39,0,43,1
10015571473,559,559,559,1118,0,4,0,38,0,43,1
10015571473,559,559,559,1118,0,3,0,39,0,43,1
10015571473,559,559,559,1118,0,3,0,37,0,41,1
10015571473,559,559,559,1118,0,3,0,39,0,43,1
10015571473,559,559,559,1118,0,4,0,38,0,42,1
10015571473,559,559,559,1118,0,3,0,39,0,43,1
10015571473,559,559,559,1118,0,3,0,37,0,41,1
10015571473,559,559,559,1118,0,3,0,38,0,43,1
10015571473,559,559,559,1118,0,3,0,37,0,42,1
10015571473,559,559,559,1118,0,3,0,39,0,43,1
10015571473,559,559,559,1118,0,3,0,37,0,42,1
10015571473,559,559,559,1118,0,3,0,38,0,42,1
10015571473,559,559,559,1118,0,3,0,37,0,41,1
10015571473,559,559,559,1118,0,3,0,38,0,42,1
10015571473,559,559,559,1118,0,3,0,38,0,42,1
10015571473,559,559,559,1118,0,4,0,40,0,44,1
10015571473,559,559,559,1118,0,3,0,40,0,44,1
10015571473,559,559,559,1118,0,3,0,40,0,45,1
10015571473,559,559,559,1118,0,3,0,40,0,44,1
10015571473,559,559,559,1118,0,4,0,39,0,44,1
10015571473,559,559,559,1118,0,3,0,40,0,44,1
10015571473,559,559,559,1118,0,3,0,40,0,44,1
10015571473,559,559,559,1118,0,4,0,40,0,44,1
10015571473,559,559,559,1118,0,4,0,38,0,43,1
10015571473,559,559,559,1118,0,7,0,45,0,53,1
435465768733,0,1,1,1,0,0,0,0,0,0,1
435465768733,1,1,1,2,0,0,0,0,0,0,1
435465768733,2,2,2,4,0,0,0,0,0,0,1
435465768733,1,4,4,5,0,0,0,0,0,0,1
435465768733,4,4,4,8,0,0,0,0,0,0,1
435465768733,5,8,8,13,0,0,0,0,0,0,1
435465768733,8,8,8,16,0,0,0,0,0,0,1
435465768733,13,16,16,29,0,0,0,0,0,0,1
435465768733,16,16,16,32,0,0,0,0,0,0,1
435465768733,32,32,32,64,0,0,0,0,0,0,1
435465768733,64,64,64,128,0,0,0,0,0,0,1
435465768733,128,128,128,256,0,0,0,2,0,3,1
435465768733,29,256,256,285,0,0,0,3,0,3,1
435465768733,256,256,256,512,0,1,0,10,0,11,1
435465768733,285,512,512,797,0,2,0,22,0,25,1
435465768733,512,512,512,1024,0,4,0,37,0,42,1
435465768733,701,701,701,1402,0,6,0,70,0,77,1
435465768733,701,701,701,1402,0,6,0,68,0,75,1
435465768733,701,701,701,1402,0,6,0,68,0,75,1
435465768733,701,701,701,1402,0,6,0,66,0,74,1
435465768733,701,701,701,1402,0,6,0,66,0,73,1
435465768733,701,701,701,1402,0,6,0,67,0,74,1
435465768733,701,701,701,1402,0,6,0,68,0,74,1
435465768733,701,701,701,1402,0,6,0,67,0,74,1
435465768733,701,701,701,1402,0,6,0,69,0,76,1
435465768733,701,701,701,1402,0,6,0,69,0,76,1
435465768733,701,701,701,1402,0,6,0,69,0,76,1
435465768733,701,701,701,1402,0,6,0,66,0,73,1
435465768733,701,701,701,1402,0,6,0,67,0,73,1
435465768733,701,701,701,1402,0,6,0,68,0,75,1
435465768733,701,701,701,1402,0,6,0,68,0,75,1
435465768733,701,701,701,1402,0,6,0,69,0,76,1
435465768733,701,701,701,1402,0,6,0,69,0,76,1
435465768733,701,701,701,1402,0,6,0,67,0,74,1
435465768733,701,701,701,1402,0,6,0,67,0,74,1
435465768733,701,701,701,1402,0,6,0,68,0,75,1
435465768733,701,701,701,1402,0,6,0,67,0,74,1
435465768733,701,701,701,1402,0,6,0,66,0,73,1
435465768733,701,701,701,1402,0,6,0,66,0,72,1
435465768733,701,701,701,1402,0,6,0,67,0,74,1
435465768733,701,701,701,1402,0,6,0,67,0,73,1
435465768733,701,701,701,1402,0,6,0,68,0,76,1
435465768733,701,701,701,1402,0,6,0,66,0,72,1
435465768733,701,701,701,1402,0,6,0,66,0,73,1
435465768733,701,701,701,1402,0,6,0,66,0,73,1
435465768733,701,701,701,1402,0,6,0,66,0,73,1
435465768733,701,701,701,1402,0,6,0,66,0,73,1
435465768733,701,701,701,1402,0,6,0,66,0,73,1
435465768733,701,701,701,1402,0,6,0,66,0,73,1
435465768733,701,701,701,1402,0,6,0,66,0,73,1
435465768733,701,701,701,1402,0,6,0,66,0,73,1
435465768733,701,701,701,1402,0,6,0,66,0,73,1
435465768733,701,701,701,1402,0,6,0,66,0,73,1
435465768733,701,701,701,1402,0,6,0,65,0,72,1
435465768733,701,701,701,1402,0,6,0,66,0,73,1
435465768733,701,701,701,1402,0,6,0,66,0,73,1
435465768733,701,701,701,1402,0,6,0,65,0,72,1
435465768733,701,701,701,1402,0,6,0,66,0,73,1
435465768733,701,701,701,1402,0,6,0,66,0,72,1
1000528294751,0,1,1,1,0,0,0,0,0,0,1
1000528294751,1,1,1,2,0,0,0,0,0,0,1
1000528294751,1,2,2,3,0,0,0,0,0,0,1
1000528294751,2,2,2,4,0,0,0,0,0,0,1
1000528294751,3,4,4,7,0,0,0,0,0,0,1
1000528294751,4,4,4,8,0,0,0,0,0,0,1
1000528294751,7,8,8,15,0,0,0,0,0,0,1
1000528294751,8,8,8,16,0,0,0,0,0,0,1
1000528294751,15,16,16,31,0,0,0,0,0,0,1
1000528294751,16,16,16,32,0,0,0,0,0,0,1
1000528294751,32,32,32,64,0,0,0,0,0,0,1
1000528294751,31,64,64,95,0,0,0,0,0,0,1
1000528294751,64,64,64,128,0,0,0,0,0,0,1
1000528294751,128,128,128,256,0,0,0,2,0,3,1
1000528294751,95,256,256,351,0,0,0,4,0,5,1
1000528294751,256,256,256,512,0,1,0,9,0,11,1
1000528294751,351,512,512,863,0,2,0,27,0,30,1
1000528294751,512,512,512,1024,0,3,0,36,0,41,1
1000528294751,759,759,759,1518,0,7,0,79,0,88,1
1000528294751,759,759,759,1518,0,7,0,82,0,90,1
1000528294751,759,759,759,1518,0,7,0,81,0,89,1
1000528294751,759,759,759,1518,0,7,0,80,0,88,1
1000528294751,759,759,759,1518,0,7,0,81,0,89,1
1000528294751,759,759,759,1518,0,7,0,80,0,88,1
1000528294751,759,759,759,1518,0,7,0,80,0,88,1
1000528294751,759,759,759,1518,0,7,0,80,0,88,1
1000528294751,759,759,759,1518,0,7,0,80,0,88,1
1000528294751,759,759,759,1518,0,7,0,80,0,88,1
1000528294751,759,759,759,1518,0,7,0,80,0,88,1
1000528294751,759,759,759,1518,0,7,0,83,0,91,1
1000528294751,759,759,759,1518,0,7,0,83,0,92,1
1000528294751,759,759,759,1518,0,7,0,83,0,91,1
1000528294751,759,759,759,1518,0,7,0,84,0,92,1
1000528294751,759,759,759,1518,0,7,0,83,0,91,1
1000528294751,759,759,759,1518,0,7,0,82,0,90,1
1000528294751,759,759,759,1518,0,7,0,82,0,90,1
1000528294751,759,759,759,1518,0,7,0,83,0,92,1
1000528294751,759,759,759,1518,0,7,0,82,0,90,1
1000528294751,759,759,759,1518,0,7,0,81,0,89,1
1000528294751,759,759,759,1518,0,7,0,82,0,90,1
1000528294751,759,759,759,1518,0,7,0,82,0,91,1
1000528294751,759,759,759,1518,0,7,0,81,0,89,1
1000528294751,759,759,759,1518,0,7,0,81,0,89,1
1000528294751,759,759,759,1518,0,7,0,82,0,90,1
1000528294751,759,759,759,1518,0,7,0,79,0,87,1
1000528294751,759,759,759,1518,0,7,0,79,0,87,1
1000528294751,759,759,759,1518,0,7,0,80,0,88,1
1000528294751,759,759,759,1518,0,7,0,82,0,91,1
1000528294751,759,759,759,1518,0,7,0,81,0,89,1
1000528294751,759,759,759,1518,0,7,0,80,0,88,1
1000528294751,759,759,759,1518,0,7,0,80,0,88,1
1000528294751,759,759,759,1518,0,7,0,80,0,88,1
1000528294751,759,759,759,1518,0,7,0,79,0,87,1
1000528294751,759,759,759,1518,0,7,0,79,0,87,1
1000528294751,759,759,759,1518,0,7,0,82,0,90,1
1000528294751,759,759,759,1518,0,7,0,80,0,89,1
1000528294751,759,759,759,1518,0,7,0,79,0,87,1
1000528294751,759,759,759,1518,0,7,0,80,0,88,1
1000528294751,759,759,759,1518,0,7,0,79,0,87,1
1000528294751,759,759,759,1518,0,7,0,79,0,87,1
1000528294751,759,759,759,1518,0,7,0,80,0,88,1
99999999999973,0,1,1,1,0,0,0,0,0,0,1
99999999999973,1,1,1,2,0,0,0,0,0,0,1
99999999999973,2,2,2,4,0,0,0,0,0,0,1
99999999999973,1,4,4,5,0,0,0,0,0,0,1
99999999999973,4,4,4,8,0,0,0,0,0,0,1
99999999999973,8,8,8,16,0,0,0,0,0,0,1
99999999999973,16,16,16,32,0,0,0,0,0,0,1
99999999999973,5,32,32,37,0,0,0,0,0,0,1
99999999999973,32,32,32,64,0,0,0,0,0,0,1
99999999999973,37,64,64,101,0,0,0,0,0,0,1
99999999999973,64,64,64,128,0,0,0,0,0,1,1
99999999999973,101,128,128,229,0,0,0,2,0,3,1
99999999999973,128,128,128,256,0,0,0,3,0,3,1
99999999999973,229,256,256,485,0,1,0,10,0,11,1
99999999999973,256,256,256,512,0,1,0,11,0,12,1
99999999999973,485,512,512,997,0,4,0,40,0,44,1
99999999999973,512,512,512,1024,0,4,0,43,0,47,1
99999999999973,997,1023,1023,2020,0,14,0,158,0,174,1
99999999999973,1023,1023,1023,2046,0,14,0,162,0,177,1
99999999999973,1023,1023,1023,2046,0,15,0,163,0,179,1
99999999999973,1023,1023,1023,2046,0,15,0,162,0,179,1
99999999999973,1023,1023,1023,2046,0,14,0,162,0,178,1
99999999999973,1023,1023,1023,2046,0,15,0,161,0,177,1
99999999999973,1023,1023,1023,2046,0,14,0,161,0,177,1
99999999999973,1023,1023,1023,2046,0,15,0,162,0,179,1
99999999999973,1023,1023,1023,2046,0,15,0,162,0,179,1
99999999999973,1023,1023,1023,2046,0,14,0,161,0,176,1
99999999999973,1023,1023,1023,2046,0,14,0,162,0,178,1
99999999999973,1023,1023,1023,2046,0,15,0,162,0,178,1
99999999999973,1023,1023,1023,2046,0,14,0,165,0,181,1
99999999999973,1023,1023,1023,2046,0,16,0,165,0,183,1
99999999999973,1023,1023,1023,2046,0,15,0,164,0,180,1
99999999999973,1023,1023,1023,2046,0,15,0,161,0,178,1
99999999999973,1023,1023,1023,2046,0,15,0,163,0,179,1
99999999999973,1023,1023,1023,2046,0,14,0,162,0,178,1
99999999999973,1023,1023,1023,2046,0,14,0,162,0,178,1
99999999999973,1023,1023,1023,2046,0,15,0,162,0,178,1
99999999999973,1023,1023,1023,2046,0,14,0,162,0,178,1
99999999999973,1023,1023,1023,2046,0,14,0,162,0,177,1
99999999999973,1023,1023,1023,2046,0,15,0,162,0,178,1
99999999999973,1023,1023,1023,2046,0,14,0,162,0,178,1
99999999999973,1023,1023,1023,2046,0,14,0,161,0,177,1
99999999999973,1023,1023,1023,2046,0,14,0,162,0,177,1
99999999999973,1023,1023,1023,2046,0,14,0,160,0,175,1
99999999999973,1023,1023,1023,2046,0,14,0,162,0,177,1
99999999999973,1023,1023,1023,2046,0,14,0,162,0,178,1
99999999999973,1023,1023,1023,2046,0,15,0,162,0,178,1
99999999999973,1023,1023,1023,2046,0,15,0,162,0,178,1
99999999999973,1023,1023,1023,2046,0,15,0,162,0,178,1
99999999999973,1023,1023,1023,2046,0,15,0,162,0,178,1
99999999999973,1023,1023,1023,2046,0,14,0,164,0,180,1
99999999999973,1023,1023,1023,2046,0,15,0,166,0,183,1
99999999999973,1023,1023,1023,2046,0,15,0,164,0,180,1
99999999999973,1023,1023,1023,2046,0,14,0,162,0,177,1
99999999999973,1023,1023,1023,2046,0,14,0,162,0,178,1
99999999999973,1023,1023,1023,2046,0,15,0,162,0,178,1
99999999999973,1023,1023,1023,2046,0,15,0,162,0,178,1
99999999999973,1023,1023,1023,2046,0,14,0,162,0,178,1
99999999999973,1023,1023,1023,2046,0,15,0,162,0,178,1
99999999999973,1023,1023,1023,2046,0,14,0,162,0,178,1
99999999999973,1023,1023,1023,2046,0,14,0,162,0,178,1
99999999999973,1023,1023,1023,2046,0,15,0,162,0,179,1
99999999999973,1023,1023,1023,2046,0,14,0,163,0,179,1
99999999999973,1023,1023,1023,2046,0,15,0,169,0,185,1
99999999999973,1023,1023,1023,2046,0,15,0,170,0,187,1
99999999999973,1023,1023,1023,2046,0,15,0,165,0,182,1
99999999999973,1023,1023,1023,2046,0,15,0,169,0,185,1
99999999999973,1023,1023,1023,2046,0,15,0,167,0,184,1
99999999999973,1023,1023,1023,2046,0,15,0,169,0,186,1
99999999999973,1023,1023,1023,2046,0,15,0,168,0,185,1
99999999999973,1023,1023,1023,2046,0,15,0,163,0,180,1
99999999999973,1023,1023,1023,2046,0,15,0,163,0,179,1
99999999999973,1023,1023,1023,2046,0,16,0,169,0,187,1
99999999999973,1023,1023,1023,2046,0,15,0,168,0,185,1
1003026954441829,0,1,1,1,0,0,0,0,0,0,1
1003026954441829,1,1,1,2,0,0,0,0,0,0,1
1003026954441829,2,2,2,4,0,0,0,0,0,0,1
1003026954441829,1,4,4,5,0,0,0,0,0,0,1
1003026954441829,4,4,4,8,0,0,0,0,0,0,1
1003026954441829,8,8,8,16,0,0,0,0,0,0,1
1003026954441829,16,16,16,32,0,0,0,0,0,0,1
1003026954441829,5,32,32,37,0,0,0,0,0,0,1
1003026954441829,32,32,32,64,0,0,0,0,0,0,1
1003026954441829,37,64,64,101,0,0,0,0,0,0,1
1003026954441829,64,64,64,128,0,0,0,1,0,1,1
1003026954441829,128,128,128,256,0,0,0,3,0,3,1
1003026954441829,256,256,256,512,0,1,0,12,0,13,1
1003026954441829,512,512,512,1024,0,4,0,45,0,50,1
1003026954441829,101,1024,1024,1125,0,8,0,54,0,63,1
1003026954441829,1024,1024,1024,2048,0,16,0,175,0,192,1
1003026954441829,1187,1187,1187,2374,0,21,1,228,0,251,1
1003026954441829,1125,1187,1187,2312,0,20,1,220,0,242,1
1003026954441829,1187,1187,1187,2374,0,21,1,230,0,254,1
1003026954441829,1187,1187,1187,2374,0,21,1,229,0,251,1
1003026954441829,1187,1187,1187,2374,0,21,1,228,0,251,1
1003026954441829,1187,1187,1187,2374,0,22,1,234,0,257,1
1003026954441829,1187,1187,1187,2374,0,21,1,235,0,259,1
1003026954441829,1187,1187,1187,2374,0,22,1,237,0,261,1
1003026954441829,1187,1187,1187,2374,0,21,1,241,0,264,1
1003026954441829,1187,1187,1187,2374,0,21,1,239,0,262,1
1003026954441829,1187,1187,1187,2374,0,21,1,241,0,264,1
1003026954441829,1187,1187,1187,2374,0,21,1,243,0,266,1
1003026954441829,1187,1187,1187,2374,0,21,1,236,0,259,1
1003026954441829,1187,1187,1187,2374,0,20,1,235,0,257,1
1003026954441829,1187,1187,1187,2374,0,20,1,233,0,255,1
1003026954441829,1187,1187,1187,2374,0,22,1,230,0,254,1
1003026954441829,1187,1187,1187,2374,0,20,1,235,0,257,1
1003026954441829,1187,1187,1187,2374,0,20,1,228,0,250,1
1003026954441829,1187,1187,1187,2374,0,20,1,230,0,253,1
1003026954441829,1187,1187,1187,2374,0,22,1,232,0,255,1
1003026954441829,1187,1187,1187,2374,0,20,1,234,0,256,1
1003026954441829,1187,1187,1187,2374,0,20,1,235,0,257,1
1003026954441829,1187,1187,1187,2374,0,21,1,234,0,257,1
1003026954441829,1187,1187,1187,2374,0,21,1,228,0,251,1
1003026954441829,1187,1187,1187,2374,0,20,1,238,0,260,1
1003026954441829,1187,1187,1187,2374,0,21,1,237,0,260,1
1003026954441829,1187,1187,1187,2374,0,22,1,242,0,266,1
1003026954441829,1187,1187,1187,2374,0,22,1,243,0,267,1
1003026954441829,1187,1187,1187,2374,0,21,1,240,0,263,1
1003026954441829,1187,1187,1187,2374,0,21,1,235,0,258,1
1003026954441829,1187,1187,1187,2374,0,21,1,247,0,271,1
1003026954441829,1187,1187,1187,2374,0,22,1,230,0,253,1
1003026954441829,1187,1187,1187,2374,0,21,1,233,0,256,1
1003026954441829,1187,1187,1187,2374,0,21,1,233,0,256,1
1003026954441829,1187,1187,1187,2374,0,21,1,234,0,257,1
1003026954441829,1187,1187,1187,2374,0,21,1,238,0,260,1
1003026954441829,1187,1187,1187,2374,0,22,1,233,0,257,1
1003026954441829,1187,1187,1187,2374,0,21,1,229,0,252,1
1003026954441829,1187,1187,1187,2374,0,21,1,227,0,250,1
1003026954441829,1187,1187,1187,2374,0,21,1,230,0,252,1
1003026954441829,1187,1187,1187,2374,0,21,1,228,0,251,1
1003026954441829,1187,1187,1187,2374,0,21,1,229,0,252,1
1003026954441829,1187,1187,1187,2374,0,21,1,228,0,251,1
1003026954441829,1187,1187,1187,2374,0,21,1,229,0,251,1
1003026954441829,1187,1187,1187,2374,0,21,1,228,0,250,1
1003026954441829,1187,1187,1187,2374,0,21,1,229,0,251,1
1003026954441829,1187,1187,1187,2374,0,21,1,228,0,251,1
1003026954441829,1187,1187,1187,2374,0,21,1,228,0,251,1
1003026954441829,1187,1187,1187,2374,0,21,1,229,0,252,1
1003026954441829,1187,1187,1187,2374,0,21,1,229,0,252,1
1003026954441829,1187,1187,1187,2374,0,21,1,229,0,251,1
1003026954441829,1187,1187,1187,2374,0,21,1,228,0,251,1
1003026954441829,1187,1187,1187,2374,0,21,1,229,0,252,1
1003026954441829,1187,1187,1187,2374,0,21,1,229,0,252,1
1003026954441829,1187,1187,1187,2374,0,21,1,228,0,251,1
1003026954441829,1187,1187,1187,2374,0,21,1,229,0,252,1
1003026954441829,1187,1187,1187,2374,0,21,1,229,0,251,1
1003026954441829,1187,1187,1187,2374,0,21,1,229,0,252,1
1003026954441829,1187,1187,1187,2374,0,21,1,229,0,252,1
100055128505715869,0,1,1,1,0,0,0,0,0,0,1
100055128505715869,1,1,1,2,0,0,0,0,0,0,1
100055128505715869,2,2,2,4,0,0,0,0,0,0,1
100055128505715869,1,4,4,5,0,0,0,0,0,0,1
100055128505715869,4,4,4,8,0,0,0,0,0,0,1
100055128505715869,5,8,8,13,0,0,0,0,0,0,1
100055128505715869,8,8,8,16,0,0,0,0,0,0,1
100055128505715869,13,16,16,29,0,0,0,0,0,0,1
100055128505715869,16,16,16,32,0,0,0,0,0,0,1
100055128505715869,32,32,32,64,0,0,0,0,0,0,1
100055128505715869,64,64,64,128,0,0,0,1,0,1,1
100055128505715869,29,128,128,157,0,0,0,1,0,1,1
100055128505715869,128,128,128,256,0,0,0,3,0,4,1
100055128505715869,256,256,256,512,0,1,0,13,0,15,1
100055128505715869,512,512,512,1024,0,4,0,50,0,55,1
100055128505715869,157,1024,1024,1181,0,9,0,65,0,76,1
100055128505715869,1024,1024,1024,2048,0,17,1,191,0,210,1
100055128505715869,1181,1535,1535,2716,0,31,1,337,0,370,1
100055128505715869,1535,1535,1535,3070,0,39,1,428,0,470,1
100055128505715869,1535,1535,1535,3070,0,41,1,429,0,472,1
100055128505715869,1535,1535,1535,3070,0,40,1,427,0,469,1
100055128505715869,1535,1535,1535,3070,0,39,1,428,0,470,1
100055128505715869,1535,1535,1535,3070,0,40,1,427,0,470,1
100055128505715869,1535,1535,1535,3070,0,39,1,429,0,471,1
100055128505715869,1535,1535,1535,3070,0,40,1,428,0,470,1
100055128505715869,1535,1535,1535,3070,0,40,1,428,0,470,1
100055128505715869,1535,1535,1535,3070,0,40,1,426,0,469,1
100055128505715869,1535,1535,1535,3070,0,40,1,427,0,469,1
100055128505715869,1535,1535,1535,3070,0,40,1,427,0,469,1
100055128505715869,1535,1535,1535,3070,0,40,1,427,0,469,1
100055128505715869,1535,1535,1535,3070,0,40,1,426,0,468,1
100055128505715869,1535,1535,1535,3070,0,40,1,429,0,471,1
100055128505715869,1535,1535,1535,3070,0,41,1,428,0,471,1
100055128505715869,1535,1535,1535,3070,0,39,1,426,0,468,1
100055128505715869,1535,1535,1535,3070,0,40,1,430,0,472,1
100055128505715869,1535,1535,1535,3070,0,40,1,426,0,468,1
100055128505715869,1535,1535,1535,3070,0,40,1,432,0,474,1
100055128505715869,1535,1535,1535,3070,0,39,1,430,0,472,1
100055128505715869,1535,1535,1535,3070,0,41,1,428,0,471,1
100055128505715869,1535,1535,1535,3070,0,41,1,427,0,471,1
100055128505715869,1535,1535,1535,3070,0,40,1,428,0,470,1
100055128505715869,1535,1535,1535,3070,0,41,1,427,0,470,1
100055128505715869,1535,1535,1535,3070,0,39,1,427,0,469,1
100055128505715869,1535,1535,1535,3070,0,40,1,426,0,469,1
100055128505715869,1535,1535,1535,3070,0,40,1,427,0,470,1
100055128505715869,1535,1535,1535,3070,0,41,1,430,0,473,1
100055128505715869,1535,1535,1535,3070,0,40,1,426,0,468,1
100055128505715869,1535,1535,1535,3070,0,40,1,426,0,469,1
100055128505715869,1535,1535,1535,3070,0,40,1,427,0,469,1
100055128505715869,1535,1535,1535,3070,0,40,1,426,0,469,1
100055128505715869,1535,1535,1535,3070,0,40,1,425,0,468,1
100055128505715869,1535,1535,1535,3070,0,40,1,426,0,468,1
100055128505715869,1535,1535,1535,3070,0,40,1,427,0,469,1
100055128505715869,1535,1535,1535,3070,0,40,1,426,0,469,1
100055128505715869,1535,1535,1535,3070,0,40,1,428,0,470,1
100055128505715869,1535,1535,1535,3070,0,39,1,428,0,470,1
100055128505715869,1535,1535,1535,3070,0,40,1,429,0,472,1
100055128505715869,1535,1535,1535,3070,0,39,1,427,0,469,1
100055128505715869,1535,1535,1535,3070,0,40,1,425,0,467,1
100055128505715869,1535,1535,1535,3070,0,41,1,426,0,469,1
100055128505715869,1535,1535,1535,3070,0,41,1,428,0,471,1
100055128505715869,1535,1535,1535,3070,0,41,1,425,0,468,1
100055128505715869,1535,1535,1535,3070,0,41,1,428,0,472,1
100055128505715869,1535,1535,1535,3070,0,41,1,425,0,468,1
100055128505715869,1535,1535,1535,3070,0,40,1,429,0,472,1
100055128505715869,1535,1535,1535,3070,0,39,1,425,0,467,1
100055128505715869,1535,1535,1535,3070,0,40,1,429,0,471,1
100055128505715869,1535,1535,1535,3070,0,40,1,425,0,468,1
100055128505715869,1535,1535,1535,3070,0,40,1,426,0,469,1
100055128505715869,1535,1535,1535,3070,0,40,1,426,0,468,1
100055128505715869,1535,1535,1535,3070,0,40,1,426,0,468,1
100055128505715869,1535,1535,1535,3070,0,41,1,428,0,471,1
100055128505715869,1535,1535,1535,3070,0,40,1,427,0,469,1
100055128505715869,1535,1535,1535,3070,0,40,1,434,0,477,1
100055128505715869,1535,1535,1535,3070,0,40,1,426,0,469,1
100055128505715869,1535,1535,1535,3070,0,40,1,426,0,468,1
100055128505715869,1535,1535,1535,3070,0,40,1,426,0,468,1
100055128505715869,1535,1535,1535,3070,0,40,1,428,0,471,1
100055128505715869,1535,1535,1535,3070,0,40,1,428,0,471,1
100055128505715869,1535,1535,1535,3070,0,39,1,426,0,468,1
100055128505715869,1535,1535,1535,3070,0,40,1,430,0,472,1
100055128505715869,1535,1535,1535,3070,0,40,1,427,0,469,1
100055128505715869,1535,1535,1535,3070,0,40,1,426,0,468,1
100055128505715869,1535,1535,1535,3070,0,39,1,427,0,469,1
100055128505715869,1535,1535,1535,3070,0,40,1,427,0,470,1
100055128505715869,1535,1535,1535,3070,0,40,1,428,0,471,1
100055128505715869,1535,1535,1535,3070,0,40,1,426,0,469,1
100055128505715869,1535,1535,1535,3070,0,40,1,426,0,468,1
29546363270378696821,0,1,1,1,0,0,0,0,0,0,1
29546363270378696821,1,1,1,2,0,0,0,0,0,0,1
29546363270378696821,2,2,2,4,0,0,0,0,0,0,1
29546363270378696821,1,4,4,5,0,0,0,0,0,0,1
29546363270378696821,4,4,4,8,0,0,0,0,0,0,1
29546363270378696821,8,8,8,16,0,0,0,0,0,0,1
29546363270378696821,5,16,16,21,0,0,0,0,0,0,1
29546363270378696821,16,16,16,32,0,0,0,0,0,0,1
29546363270378696821,21,32,32,53,0,0,0,0,0,0,1
29546363270378696821,32,32,32,64,0,0,0,0,0,0,1
29546363270378696821,53,64,64,117,0,0,0,1,0,1,1
29546363270378696821,64,64,64,128,0,0,0,1,0,1,1
29546363270378696821,128,128,128,256,0,0,0,5,0,6,1
29546363270378696821,256,256,256,512,0,2,0,24,0,26,1
29546363270378696821,512,512,512,1024,0,7,0,88,0,96,1
29546363270378696821,1024,1024,1024,2048,0,26,1,338,0,367,1
29546363270378696821,1967,1967,1967,3934,0,103,2,1253,0,1359,1
29546363270378696821,117,1967,1967,2084,0,51,0,354,0,406,1
29546363270378696821,1967,1967,1967,3934,0,100,2,1237,0,1341,1
29546363270378696821,1967,1967,1967,3934,0,100,2,1237,0,1341,1
29546363270378696821,1967,1967,1967,3934,0,101,2,1240,0,1345,1
29546363270378696821,1967,1967,1967,3934,0,100,2,1249,0,1353,1
29546363270378696821,1967,1967,1967,3934,0,102,2,1243,0,1349,1
29546363270378696821,1967,1967,1967,3934,0,111,2,1240,0,1354,1
29546363270378696821,1967,1967,1967,3934,0,101,2,1238,0,1343,1
29546363270378696821,1967,1967,1967,3934,0,102,3,1249,0,1355,1
29546363270378696821,1967,1967,1967,3934,0,100,2,1241,0,1345,1
29546363270378696821,1967,1967,1967,3934,0,101,2,1238,0,1343,1
29546363270378696821,1967,1967,1967,3934,0,101,2,1245,0,1350,1
29546363270378696821,1967,1967,1967,3934,0,103,2,1241,0,1347,1
29546363270378696821,1967,1967,1967,3934,0,102,2,1242,0,1347,1
29546363270378696821,1967,1967,1967,3934,0,101,2,1238,0,1343,1
29546363270378696821,1967,1967,1967,3934,0,101,2,1247,0,1352,1
29546363270378696821,1967,1967,1967,3934,0,102,2,1239,0,1344,1
29546363270378696821,1967,1967,1967,3934,0,101,2,1237,0,1342,1
29546363270378696821,1967,1967,1967,3934,0,102,2,1238,0,1344,1
29546363270378696821,1967,1967,1967,3934,0,100,2,1250,0,1354,1
29546363270378696821,1967,1967,1967,3934,0,102,2,1238,0,1344,1
29546363270378696821,1967,1967,1967,3934,0,101,2,1241,0,1346,1
29546363270378696821,1967,1967,1967,3934,0,102,2,1236,0,1342,1
29546363270378696821,1967,1967,1967,3934,0,100,2,1249,0,1353,1
29546363270378696821,1967,1967,1967,3934,0,101,2,1237,0,1342,1
29546363270378696821,1967,1967,1967,3934,0,102,2,1236,0,1342,1
29546363270378696821,1967,1967,1967,3934,0,101,2,1235,0,1340,1
29546363270378696821,1967,1967,1967,3934,0,100,2,1249,0,1353,1
29546363270378696821,1967,1967,1967,3934,0,102,2,1240,0,1346,1
29546363270378696821,1967,1967,1967,3934,0,101,2,1237,0,1342,1
29546363270378696821,1967,1967,1967,3934,0,101,2,1243,0,1348,1
29546363270378696821,1967,1967,1967,3934,0,103,2,1244,0,1350,1
29546363270378696821,1967,1967,1967,3934,0,101,2,1238,0,1343,1
29546363270378696821,1967,1967,1967,3934,0,102,2,1240,0,1346,1
29546363270378696821,1967,1967,1967,3934,0,101,2,1248,0,1353,1
29546363270378696821,1967,1967,1967,3934,0,105,3,1242,0,1351,1
29546363270378696821,1967,1967,1967,3934,0,102,2,1240,0,1346,1
29546363270378696821,1967,1967,1967,3934,0,101,2,1238,0,1342,1
29546363270378696821,1967,1967,1967,3934,0,101,2,1253,0,1358,1
29546363270378696821,1967,1967,1967,3934,0,101,2,1239,0,1343,1
29546363270378696821,1967,1967,1967,3934,0,100,2,1239,0,1343,1
29546363270378696821,1967,1967,1967,3934,0,100,2,1238,0,1342,1
29546363270378696821,1967,1967,1967,3934,0,101,2,1250,0,1355,1
29546363270378696821,1967,1967,1967,3934,0,102,2,1244,0,1350,1
29546363270378696821,1967,1967,1967,3934,0,100,2,1239,0,1343,1
29546363270378696821,1967,1967,1967,3934,0,101,2,1238,0,1343,1
29546363270378696821,1967,1967,1967,3934,0,101,2,1253,0,1358,1
29546363270378696821,1967,1967,1967,3934,0,101,2,1240,0,1344,1
29546363270378696821,1967,1967,1967,3934,0,101,2,1238,0,1343,1
29546363270378696821,1967,1967,1967,3934,0,101,2,1244,0,1349,1
29546363270378696821,1967,1967,1967,3934,0,103,3,1243,0,1351,1
29546363270378696821,1967,1967,1967,3934,0,102,2,1241,0,1347,1
29546363270378696821,1967,1967,1967,3934,0,101,2,1239,0,1344,1
29546363270378696821,1967,1967,1967,3934,0,102,2,1245,0,1351,1
29546363270378696821,1967,1967,1967,3934,0,103,2,1244,0,1351,1
29546363270378696821,1967,1967,1967,3934,0,102,2,1239,0,1345,1
29546363270378696821,1967,1967,1967,3934,0,103,2,1239,0,1346,1
29546363270378696821,1967,1967,1967,3934,0,101,2,1252,0,1357,1
29546363270378696821,1967,1967,1967,3934,0,101,2,1245,0,1350,1
29546363270378696821,1967,1967,1967,3934,0,101,2,1238,0,1343,1
29546363270378696821,1967,1967,1967,3934,0,101,2,1238,0,1343,1
29546363270378696821,1967,1967,1967,3934,0,101,2,1255,0,1360,1
29546363270378696821,1967,1967,1967,3934,0,101,2,1238,0,1343,1
29546363270378696821,1967,1967,1967,3934,0,102,2,1237,0,1343,1
29546363270378696821,1967,1967,1967,3934,0,101,2,1241,0,1346,1
29546363270378696821,1967,1967,1967,3934,0,101,2,1254,0,1359,1
29546363270378696821,1967,1967,1967,3934,0,101,2,1238,0,1342,1
29546363270378696821,1967,1967,1967,3934,0,102,2,1238,0,1344,1
29546363270378696821,1967,1967,1967,3934,0,100,2,1246,0,1350,1
29546363270378696821,1967,1967,1967,3934,0,103,2,1240,0,1347,1
29546363270378696821,1967,1967,1967,3934,0,105,2,1239,0,1348,1
29546363270378696821,1967,1967,1967,3934,0,105,2,1238,0,1346,1
29546363270378696821,1967,1967,1967,3934,0,102,2,1248,0,1354,1
29546363270378696821,1967,1967,1967,3934,0,103,2,1245,0,1352,1
29546363270378696821,1967,1967,1967,3934,0,100,2,1257,0,1360,1
29546363270378696821,1967,1967,1967,3934,0,100,2,1240,0,1344,1
29546363270378696821,1967,1967,1967,3934,0,100,2,1253,0,1357,1
29546363270378696821,1967,1967,1967,3934,0,101,2,1243,0,1348,1
29546363270378696821,1967,1967,1967,3934,0,102,2,1243,0,1349,1
29546363270378696821,1967,1967,1967,3934,0,103,2,1241,0,1348,1
4973004941902396102547,0,1,1,1,0,0,0,0,0,0,1
4973004941902396102547,1,1,1,2,0,0,0,0,0,0,1
4973004941902396102547,1,2,2,3,0,0,0,0,0,0,1
4973004941902396102547,2,2,2,4,0,0,0,0,0,0,1
4973004941902396102547,4,4,4,8,0,0,0,0,0,0,1
4973004941902396102547,8,8,8,16,0,0,0,0,0,0,1
4973004941902396102547,3,16,16,19,0,0,0,0,0,0,1
4973004941902396102547,16,16,16,32,0,0,0,0,0,0,1
4973004941902396102547,32,32,32,64,0,0,0,0,0,0,1
4973004941902396102547,64,64,64,128,0,0,0,1,0,2,1
4973004941902396102547,19,128,128,147,0,0,0,2,0,2,1
4973004941902396102547,128,128,128,256,0,0,0,6,0,7,1
4973004941902396102547,147,256,256,403,0,1,0,16,0,18,1
4973004941902396102547,256,256,256,512,0,2,0,26,0,28,1
4973004941902396102547,403,512,512,915,0,6,0,77,0,84,1
4973004941902396102547,512,512,512,1024,0,8,0,96,0,105,1
4973004941902396102547,915,1024,1024,1939,0,30,1,343,0,375,1
4973004941902396102547,1024,1024,1024,2048,0,34,1,380,0,417,1
4973004941902396102547,2048,2048,2048,4096,0,136,3,1498,0,1639,1
4973004941902396102547,1939,2445,2445,4384,0,155,3,1722,0,1882,1
4973004941902396102547,2445,2445,2445,4890,0,194,4,2150,0,2349,1
4973004941902396102547,2445,2445,2445,4890,0,190,4,2111,0,2307,1
4973004941902396102547,2445,2445,2445,4890,0,198,4,2126,0,2329,1
4973004941902396102547,2445,2445,2445,4890,0,192,4,2119,0,2316,1
4973004941902396102547,2445,2445,2445,4890,0,190,4,2125,0,2321,1
4973004941902396102547,2445,2445,2445,4890,0,192,4,2111,0,2309,1
4973004941902396102547,2445,2445,2445,4890,0,190,4,2117,0,2312,1
4973004941902396102547,2445,2445,2445,4890,0,196,4,2115,0,2317,1
4973004941902396102547,2445,2445,2445,4890,0,190,4,2112,0,2307,1
4973004941902396102547,2445,2445,2445,4890,0,191,4,2130,0,2327,1
4973004941902396102547,2445,2445,2445,4890,0,190,4,2113,0,2309,1
4973004941902396102547,2445,2445,2445,4890,0,193,4,2130,0,2329,1
4973004941902396102547,2445,2445,2445,4890,0,191,4,2121,0,2318,1
4973004941902396102547,2445,2445,2445,4890,0,190,4,2130,0,2325,1
4973004941902396102547,2445,2445,2445,4890,0,193,4,2115,0,2313,1
4973004941902396102547,2445,2445,2445,4890,0,192,4,2131,0,2329,1
4973004941902396102547,2445,2445,2445,4890,0,195,4,2117,0,2318,1
4973004941902396102547,2445,2445,2445,4890,0,191,4,2123,0,2319,1
4973004941902396102547,2445,2445,2445,4890,0,196,4,2120,0,2322,1
4973004941902396102547,2445,2445,2445,4890,0,190,4,2116,0,2311,1
4973004941902396102547,2445,2445,2445,4890,0,190,4,2134,0,2329,1
4973004941902396102547,2445,2445,2445,4890,0,193,4,2116,0,2314,1
4973004941902396102547,2445,2445,2445,4890,0,190,4,2136,0,2332,1
4973004941902396102547,2445,2445,2445,4890,0,192,4,2117,0,2315,1
4973004941902396102547,2445,2445,2445,4890,0,191,4,2135,0,2331,1
4973004941902396102547,2445,2445,2445,4890,0,191,4,2115,0,2311,1
4973004941902396102547,2445,2445,2445,4890,0,190,4,2127,0,2323,1
4973004941902396102547,2445,2445,2445,4890,0,191,4,2112,0,2308,1
4973004941902396102547,2445,2445,2445,4890,0,190,4,2122,0,2317,1
4973004941902396102547,2445,2445,2445,4890,0,193,4,2123,0,2321,1
4973004941902396102547,2445,2445,2445,4890,0,193,4,2115,0,2313,1
4973004941902396102547,2445,2445,2445,4890,0,190,4,2134,0,2330,1
4973004941902396102547,2445,2445,2445,4890,0,192,4,2116,0,2313,1
4973004941902396102547,2445,2445,2445,4890,0,190,4,2136,0,2332,1
4973004941902396102547,2445,2445,2445,4890,0,192,4,2116,0,2313,1
4973004941902396102547,2445,2445,2445,4890,0,190,4,2133,0,2328,1
4973004941902396102547,2445,2445,2445,4890,0,190,4,2115,0,2311,1
4973004941902396102547,2445,2445,2445,4890,0,192,4,2121,0,2318,1
4973004941902396102547,2445,2445,2445,4890,0,190,4,2114,0,2310,1
4973004941902396102547,2445,2445,2445,4890,0,190,4,2114,0,2310,1
4973004941902396102547,2445,2445,2445,4890,0,191,4,2133,0,2329,1
4973004941902396102547,2445,2445,2445,4890,0,192,4,2114,0,2311,1
4973004941902396102547,2445,2445,2445,4890,0,190,4,2128,0,2324,1
4973004941902396102547,2445,2445,2445,4890,0,190,4,2119,0,2315,1
4973004941902396102547,2445,2445,2445,4890,0,190,4,2133,0,2329,1
4973004941902396102547,2445,2445,2445,4890,0,190,4,2113,0,2308,1
4973004941902396102547,2445,2445,2445,4890,0,190,4,2161,0,2356,1
4973004941902396102547,2445,2445,2445,4890,0,193,4,2172,0,2371,1
4973004941902396102547,2445,2445,2445,4890,0,190,4,2119,0,2314,1
4973004941902396102547,2445,2445,2445,4890,0,194,4,2153,0,2352,1
4973004941902396102547,2445,2445,2445,4890,0,192,4,2113,0,2311,1
4973004941902396102547,2445,2445,2445,4890,0,191,4,2125,0,2321,1
4973004941902396102547,2445,2445,2445,4890,0,190,4,2183,0,2378,1
4973004941902396102547,2445,2445,2445,4890,0,190,4,2134,0,2330,1
4973004941902396102547,2445,2445,2445,4890,0,190,4,2114,0,2310,1
4973004941902396102547,2445,2445,2445,4890,0,190,4,2176,0,2372,1
4973004941902396102547,2445,2445,2445,4890,0,191,4,2119,0,2315,1
4973004941902396102547,2445,2445,2445,4890,0,191,4,2123,0,2320,1
4973004941902396102547,2445,2445,2445,4890,0,192,4,2122,0,2320,1
4973004941902396102547,2445,2445,2445,4890,0,190,4,2118,0,2313,1
4973004941902396102547,2445,2445,2445,4890,0,193,4,2125,0,2323,1
4973004941902396102547,2445,2445,2445,4890,0,190,4,2113,0,2308,1
4973004941902396102547,2445,2445,2445,4890,0,191,4,2126,0,2322,1
4973004941902396102547,2445,2445,2445,4890,0,189,4,2166,0,2361,1
4973004941902396102547,2445,2445,2445,4890,0,190,4,2132,0,2328,1
4973004941902396102547,2445,2445,2445,4890,0,192,4,2111,0,2308,1
4973004941902396102547,2445,2445,2445,4890,0,192,4,2126,0,2323,1
4973004941902396102547,2445,2445,2445,4890,0,195,4,2121,0,2322,1
4973004941902396102547,2445,2445,2445,4890,0,192,4,2126,0,2323,1
4973004941902396102547,2445,2445,2445,4890,0,192,4,2118,0,2315,1
4973004941902396102547,2445,2445,2445,4890,0,192,4,2115,0,2313,1
4973004941902396102547,2445,2445,2445,4890,0,193,4,2147,0,2345,1
4973004941902396102547,2445,2445,2445,4890,0,190,4,2112,0,2307,1
4973004941902396102547,2445,2445,2445,4890,0,195,4,2133,0,2333,1
4973004941902396102547,2445,2445,2445,4890,0,190,4,2114,0,2310,1
4973004941902396102547,2445,2445,2445,4890,0,192,4,2144,0,2341,1
4973004941902396102547,2445,2445,2445,4890,0,192,4,2121,0,2319,1
4973004941902396102547,2445,2445,2445,4890,0,191,4,2133,0,2329,1
4973004941902396102547,2445,2445,2445,4890,0,190,4,2111,0,2306,1
4973004941902396102547,2445,2445,2445,4890,0,194,4,2126,0,2325,1
4973004941902396102547,2445,2445,2445,4890,0,191,4,2118,0,2315,1
4973004941902396102547,2445,2445,2445,4890,0,190,4,2120,0,2315,1
4973004941902396102547,2445,2445,2445,4890,0,196,4,2123,0,2325,1
4973004941902396102547,2445,2445,2445,4890,0,190,4,2111,0,2307,1
4973004941902396102547,2445,2445,2445,4890,0,190,4,2125,0,2320,1
4973004941902396102547,2445,2445,2445,4890,0,192,4,2120,0,2317,1
4973004941902396102547,2445,2445,2445,4890,0,191,4,2124,0,2321,1
4973004941902396102547,2445,2445,2445,4890,0,190,4,2122,0,2318,1
614783152143098270145193,0,1,1,1,0,0,0,0,0,0,1
614783152143098270145193,1,1,1,2,0,0,0,0,0,0,1
614783152143098270145193,2,2,2,4,0,0,0,0,0,0,1
614783152143098270145193,4,4,4,8,0,0,0,0,0,0,1
614783152143098270145193,1,8,8,9,0,0,0,0,0,0,1
614783152143098270145193,8,8,8,16,0,0,0,0,0,0,1
614783152143098270145193,16,16,16,32,0,0,0,0,0,0,1
614783152143098270145193,9,32,32,41,0,0,0,0,0,0,1
614783152143098270145193,32,32,32,64,0,0,0,0,0,0,1
614783152143098270145193,64,64,64,128,0,0,0,1,0,2,1
614783152143098270145193,41,128,128,169,0,0,0,3,0,3,1
614783152143098270145193,128,128,128,256,0,0,0,7,0,8,1
614783152143098270145193,256,256,256,512,0,2,0,27,0,30,1
614783152143098270145193,169,512,512,681,0,5,0,48,0,54,1
614783152143098270145193,512,512,512,1024,0,9,0,104,0,114,1
614783152143098270145193,1024,1024,1024,2048,0,36,1,407,0,445,1
614783152143098270145193,681,2048,2048,2729,0,81,2,737,0,821,1
614783152143098270145193,2048,2048,2048,4096,0,149,3,1616,0,1770,1
614783152143098270145193,2729,2955,2955,5684,0,282,5,3118,0,3407,1
614783152143098270145193,2955,2955,2955,5910,0,312,6,3359,0,3679,1
614783152143098270145193,2955,2955,2955,5910,0,312,6,3376,0,3696,1
614783152143098270145193,2955,2955,2955,5910,0,312,6,3371,0,3690,1
614783152143098270145193,2955,2955,2955,5910,0,314,6,3354,0,3675,1
614783152143098270145193,2955,2955,2955,5910,0,313,6,3364,0,3684,1
614783152143098270145193,2955,2955,2955,5910,0,309,6,3367,0,3683,1
614783152143098270145193,2955,2955,2955,5910,0,313,5,3369,0,3689,1
614783152143098270145193,2955,2955,2955,5910,0,308,6,3358,0,3674,1
614783152143098270145193,2955,2955,2955,5910,0,311,5,3364,0,3682,1
614783152143098270145193,2955,2955,2955,5910,0,313,6,3369,0,3689,1
614783152143098270145193,2955,2955,2955,5910,0,304,6,3354,0,3666,1
614783152143098270145193,2955,2955,2955,5910,0,314,6,3356,0,3677,1
614783152143098270145193,2955,2955,2955,5910,0,306,6,3372,0,3685,1
614783152143098270145193,2955,2955,2955,5910,0,304,6,3367,0,3678,1
614783152143098270145193,2955,2955,2955,5910,0,313,5,3359,0,3679,1
614783152143098270145193,2955,2955,2955,5910,0,316,6,3370,0,3694,1
614783152143098270145193,2955,2955,2955,5910,0,303,5,3364,0,3675,1
614783152143098270145193,2955,2955,2955,5910,0,314,6,3359,0,3680,1
614783152143098270145193,2955,2955,2955,5910,0,321,6,3362,0,3690,1
614783152143098270145193,2955,2955,2955,5910,0,308,6,3367,0,3682,1
614783152143098270145193,2955,2955,2955,5910,0,319,6,3384,0,3710,1
614783152143098270145193,2955,2955,2955,5910,0,308,6,3360,0,3675,1
614783152143098270145193,2955,2955,2955,5910,0,314,6,3377,0,3698,1
614783152143098270145193,2955,2955,2955,5910,0,304,5,3368,0,3679,1
614783152143098270145193,2955,2955,2955,5910,0,303,6,3364,0,3675,1
614783152143098270145193,2955,2955,2955,5910,0,308,6,3364,0,3679,1
614783152143098270145193,2955,2955,2955,5910,0,306,6,3377,0,3690,1
614783152143098270145193,2955,2955,2955,5910,0,309,6,3370,0,3686,1
614783152143098270145193,2955,2955,2955,5910,0,312,6,3360,0,3680,1
614783152143098270145193,2955,2955,2955,5910,0,308,5,3377,0,3692,1
614783152143098270145193,2955,2955,2955,5910,0,313,6,3378,0,3698,1
614783152143098270145193,2955,2955,2955,5910,0,307,6,3379,0,3693,1
614783152143098270145193,2955,2955,2955,5910,0,307,6,3356,0,3670,1
614783152143098270145193,2955,2955,2955,5910,0,314,5,3373,0,3694,1
614783152143098270145193,2955,2955,2955,5910,0,313,6,3368,0,3688,1
614783152143098270145193,2955,2955,2955,5910,0,304,6,3358,0,3669,1
614783152143098270145193,2955,2955,2955,5910,0,304,6,3370,0,3682,1
614783152143098270145193,2955,2955,2955,5910,0,313,6,3372,0,3693,1
614783152143098270145193,2955,2955,2955,5910,0,314,6,3374,0,3696,1
614783152143098270145193,2955,2955,2955,5910,0,305,5,3359,0,3671,1
614783152143098270145193,2955,2955,2955,5910,0,313,6,3371,0,3692,1
614783152143098270145193,2955,2955,2955,5910,0,304,6,3377,0,3688,1
614783152143098270145193,2955,2955,2955,5910,0,308,6,3360,0,3675,1
614783152143098270145193,2955,2955,2955,5910,0,321,6,3361,0,3690,1
614783152143098270145193,2955,2955,2955,5910,0,307,6,3372,0,3687,1
614783152143098270145193,2955,2955,2955,5910,0,308,6,3370,0,3685,1
614783152143098270145193,2955,2955,2955,5910,0,313,5,3359,0,3679,1
614783152143098270145193,2955,2955,2955,5910,0,318,6,3379,0,3704,1
614783152143098270145193,2955,2955,2955,5910,0,304,6,3370,0,3681,1
614783152143098270145193,2955,2955,2955,5910,0,312,5,3362,0,3682,1
614783152143098270145193,2955,2955,2955,5910,0,322,6,3359,0,3689,1
614783152143098270145193,2955,2955,2955,5910,0,305,6,3368,0,3680,1
614783152143098270145193,2955,2955,2955,5910,0,313,6,3375,0,3695,1
614783152143098270145193,2955,2955,2955,5910,0,313,5,3359,0,3679,1
614783152143098270145193,2955,2955,2955,5910,0,305,6,3368,0,3681,1
614783152143098270145193,2955,2955,2955,5910,0,304,6,3376,0,3687,1
614783152143098270145193,2955,2955,2955,5910,0,313,5,3373,0,3693,1
614783152143098270145193,2955,2955,2955,5910,0,307,6,3359,0,3674,1
614783152143098270145193,2955,2955,2955,5910,0,309,6,3369,0,3685,1
614783152143098270145193,2955,2955,2955,5910,0,317,5,3370,0,3694,1
614783152143098270145193,2955,2955,2955,5910,0,308,6,3359,0,3675,1
614783152143098270145193,2955,2955,2955,5910,0,314,5,3371,0,3692,1
614783152143098270145193,2955,2955,2955,5910,0,308,6,3371,0,3686,1
614783152143098270145193,2955,2955,2955,5910,0,314,6,3382,0,3703,1
614783152143098270145193,2955,2955,2955,5910,0,312,6,3356,0,3676,1
614783152143098270145193,2955,2955,2955,5910,0,313,5,3371,0,3691,1
614783152143098270145193,2955,2955,2955,5910,0,340,5,3372,0,3719,1
614783152143098270145193,2955,2955,2955,5910,0,308,6,3360,0,3676,1
614783152143098270145193,2955,2955,2955,5910,0,312,6,3372,0,3691,1
614783152143098270145193,2955,2955,2955,5910,0,313,6,3376,0,3696,1
614783152143098270145193,2955,2955,2955,5910,0,304,6,3367,0,3678,1
614783152143098270145193,2955,2955,2955,5910,0,314,6,3361,0,3682,1
614783152143098270145193,2955,2955,2955,5910,0,305,6,3373,0,3686,1
614783152143098270145193,2955,2955,2955,5910,0,305,6,3363,0,3675,1
614783152143098270145193,2955,2955,2955,5910,0,314,5,3366,0,3687,1
614783152143098270145193,2955,2955,2955,5910,0,347,6,3362,0,3717,1
614783152143098270145193,2955,2955,2955,5910,0,305,6,3372,0,3685,1
614783152143098270145193,2955,2955,2955,5910,0,308,6,3368,0,3683,1
614783152143098270145193,2955,2955,2955,5910,0,304,6,3364,0,3674,1
614783152143098270145193,2955,2955,2955,5910,0,304,6,3375,0,3686,1
614783152143098270145193,2955,2955,2955,5910,0,304,6,3368,0,3680,1
614783152143098270145193,2955,2955,2955,5910,0,303,6,3360,0,3671,1
614783152143098270145193,2955,2955,2955,5910,0,306,6,3368,0,3682,1
614783152143098270145193,2955,2955,2955,5910,0,303,6,3515,0,3826,1
614783152143098270145193,2955,2955,2955,5910,0,306,6,3371,0,3685,1
614783152143098270145193,2955,2955,2955,5910,0,314,5,3367,0,3689,1
614783152143098270145193,2955,2955,2955,5910,0,305,6,3385,0,3697,1
614783152143098270145193,2955,2955,2955,5910,0,306,6,3375,0,3688,1
614783152143098270145193,2955,2955,2955,5910,0,308,6,3381,0,3696,1
614783152143098270145193,2955,2955,2955,5910,0,307,6,3360,0,3674,1
614783152143098270145193,2955,2955,2955,5910,0,307,6,3376,0,3690,1
614783152143098270145193,2955,2955,2955,5910,0,308,6,3375,0,3690,1
614783152143098270145193,2955,2955,2955,5910,0,309,6,3367,0,3682,1
614783152143098270145193,2955,2955,2955,5910,0,311,6,3378,0,3697,1
614783152143098270145193,2955,2955,2955,5910,0,306,5,3381,0,3694,1
614783152143098270145193,2955,2955,2955,5910,0,306,6,3381,0,3693,1
614783152143098270145193,2955,2955,2955,5910,0,308,6,3359,0,3674,1
614783152143098270145193,2955,2955,2955,5910,0,307,6,3369,0,3683,1
86084043198752959566539087,0,1,1,1,0,0,0,0,0,0,1
86084043198752959566539087,1,1,1,2,0,0,0,0,0,0,1
86084043198752959566539087,1,2,2,3,0,0,0,0,0,0,1
86084043198752959566539087,2,2,2,4,0,0,0,0,0,0,1
86084043198752959566539087,3,4,4,7,0,0,0,0,0,0,1
86084043198752959566539087,4,4,4,8,0,0,0,0,0,0,1
86084043198752959566539087,7,8,8,15,0,0,0,0,0,0,1
86084043198752959566539087,8,8,8,16,0,0,0,0,0,0,1
86084043198752959566539087,16,16,16,32,0,0,0,0,0,0,1
86084043198752959566539087,32,32,32,64,0,0,0,0,0,0,1
86084043198752959566539087,15,64,64,79,0,0,0,0,0,1,1
86084043198752959566539087,64,64,64,128,0,0,0,2,0,2,1
86084043198752959566539087,128,128,128,256,0,0,0,7,0,8,1
86084043198752959566539087,79,256,256,335,0,1,0,13,0,15,1
86084043198752959566539087,256,256,256,512,0,2,0,30,0,33,1
86084043198752959566539087,512,512,512,1024,0,10,0,114,0,125,1
86084043198752959566539087,1024,1024,1024,2048,0,39,1,442,0,483,1
86084043198752959566539087,335,2048,2048,2383,0,82,2,597,0,683,1
86084043198752959566539087,2048,2048,2048,4096,0,159,4,1764,0,1927,1
86084043198752959566539087,3551,3551,3551,7102,0,474,9,5473,0,5957,1
86084043198752959566539087,2383,3551,3551,5934,0,352,7,3694,0,4054,1
86084043198752959566539087,3551,3551,3551,7102,0,477,9,5351,0,5838,1
86084043198752959566539087,3551,3551,3551,7102,0,484,8,5298,0,5792,1
86084043198752959566539087,3551,3551,3551,7102,0,475,8,5454,0,5940,1
86084043198752959566539087,3551,3551,3551,7102,0,480,8,5295,0,5785,1
86084043198752959566539087,3551,3551,3551,7102,0,480,8,5291,0,5781,1
86084043198752959566539087,3551,3551,3551,7102,0,478,8,5289,0,5777,1
86084043198752959566539087,3551,3551,3551,7102,0,478,8,5293,0,5782,1
86084043198752959566539087,3551,3551,3551,7102,0,482,8,5302,0,5794,1
86084043198752959566539087,3551,3551,3551,7102,0,479,8,5293,0,5782,1
86084043198752959566539087,3551,3551,3551,7102,0,477,9,5403,0,5890,1
86084043198752959566539087,3551,3551,3551,7102,0,477,8,5294,0,5781,1
86084043198752959566539087,3551,3551,3551,7102,0,479,9,5359,0,5848,1
86084043198752959566539087,3551,3551,3551,7102,0,478,8,5312,0,5799,1
86084043198752959566539087,3551,3551,3551,7102,0,482,8,5292,0,5784,1
86084043198752959566539087,3551,3551,3551,7102,0,479,8,5292,0,5780,1
86084043198752959566539087,3551,3551,3551,7102,0,478,9,5337,0,5825,1
86084043198752959566539087,3551,3551,3551,7102,0,482,8,5292,0,5784,1
86084043198752959566539087,3551,3551,3551,7102,0,482,9,5307,0,5800,1
86084043198752959566539087,3551,3551,3551,7102,0,476,9,5316,0,5802,1
86084043198752959566539087,3551,3551,3551,7102,0,474,8,5290,0,5774,1
86084043198752959566539087,3551,3551,3551,7102,0,475,9,5468,0,5953,1
86084043198752959566539087,3551,3551,3551,7102,0,486,8,5468,0,5964,1
86084043198752959566539087,3551,3551,3551,7102,0,473,8,5317,0,5800,1
86084043198752959566539087,3551,3551,3551,7102,0,474,8,5287,0,5770,1
86084043198752959566539087,3551,3551,3551,7102,0,475,9,5409,0,5894,1
86084043198752959566539087,3551,3551,3551,7102,0,476,8,5412,0,5898,1
86084043198752959566539087,3551,3551,3551,7102,0,475,8,5353,0,5837,1
86084043198752959566539087,3551,3551,3551,7102,0,476,8,5464,0,5950,1
86084043198752959566539087,3551,3551,3551,7102,0,504,9,5291,0,5806,1
86084043198752959566539087,3551,3551,3551,7102,0,477,8,5440,0,5927,1
86084043198752959566539087,3551,3551,3551,7102,0,474,8,5386,0,5870,1
86084043198752959566539087,3551,3551,3551,7102,0,477,8,5445,0,5932,1
86084043198752959566539087,3551,3551,3551,7102,0,478,8,5444,0,5932,1
86084043198752959566539087,3551,3551,3551,7102,0,476,9,5454,0,5940,1
86084043198752959566539087,3551,3551,3551,7102,0,475,8,5445,0,5931,1
86084043198752959566539087,3551,3551,3551,7102,0,476,8,5453,0,5939,1
86084043198752959566539087,3551,3551,3551,7102,0,476,8,5441,0,5927,1
86084043198752959566539087,3551,3551,3551,7102,0,480,8,5448,0,5938,1
86084043198752959566539087,3551,3551,3551,7102,0,483,8,5444,0,5937,1
86084043198752959566539087,3551,3551,3551,7102,0,480,8,5446,0,5936,1
86084043198752959566539087,3551,3551,3551,7102,0,482,8,5447,0,5938,1
86084043198752959566539087,3551,3551,3551,7102,0,478,8,5445,0,5933,1
86084043198752959566539087,3551,3551,3551,7102,0,476,8,5457,0,5944,1
86084043198752959566539087,3551,3551,3551,7102,0,472,8,5450,0,5932,1
86084043198752959566539087,3551,3551,3551,7102,0,476,8,5447,0,5932,1
86084043198752959566539087,3551,3551,3551,7102,0,474,8,5457,0,5942,1
86084043198752959566539087,3551,3551,3551,7102,0,477,8,5448,0,5935,1
86084043198752959566539087,3551,3551,3551,7102,0,475,8,5446,0,5931,1
86084043198752959566539087,3551,3551,3551,7102,0,476,8,5452,0,5938,1
86084043198752959566539087,3551,3551,3551,7102,0,477,8,5448,0,5935,1
86084043198752959566539087,3551,3551,3551,7102,0,476,8,5450,0,5936,1
86084043198752959566539087,3551,3551,3551,7102,0,479,8,5461,0,5951,1
86084043198752959566539087,3551,3551,3551,7102,0,480,8,5448,0,5938,1
86084043198752959566539087,3551,3551,3551,7102,0,480,8,5443,0,5933,1
86084043198752959566539087,3551,3551,3551,7102,0,478,8,5448,0,5937,1
86084043198752959566539087,3551,3551,3551,7102,0,473,8,5458,0,5940,1
86084043198752959566539087,3551,3551,3551,7102,0,475,8,5331,0,5816,1
86084043198752959566539087,3551,3551,3551,7102,0,482,8,5459,0,5950,1
86084043198752959566539087,3551,3551,3551,7102,0,479,8,5446,0,5935,1
86084043198752959566539087,3551,3551,3551,7102,0,481,8,5448,0,5939,1
86084043198752959566539087,3551,3551,3551,7102,0,473,8,5452,0,5935,1
86084043198752959566539087,3551,3551,3551,7102,0,473,8,5445,0,5928,1
86084043198752959566539087,3551,3551,3551,7102,0,475,8,5448,0,5933,1
86084043198752959566539087,3551,3551,3551,7102,0,476,8,5452,0,5937,1
86084043198752959566539087,3551,3551,3551,7102,0,479,8,5440,0,5929,1
86084043198752959566539087,3551,3551,3551,7102,0,475,8,5449,0,5934,1
86084043198752959566539087,3551,3551,3551,7102,0,478,8,5441,0,5929,1
86084043198752959566539087,3551,3551,3551,7102,0,477,8,5452,0,5939,1
86084043198752959566539087,3551,3551,3551,7102,0,481,8,5443,0,5933,1
86084043198752959566539087,3551,3551,3551,7102,0,485,8,5447,0,5942,1
86084043198752959566539087,3551,3551,3551,7102,0,481,8,5445,0,5936,1
86084043198752959566539087,3551,3551,3551,7102,0,480,8,5440,0,5930,1
86084043198752959566539087,3551,3551,3551,7102,0,480,8,5454,0,5944,1
86084043198752959566539087,3551,3551,3551,7102,0,479,8,5444,0,5933,1
86084043198752959566539087,3551,3551,3551,7102,0,473,8,5338,0,5821,1
86084043198752959566539087,3551,3551,3551,7102,0,480,8,5419,0,5909,1
86084043198752959566539087,3551,3551,3551,7102,0,475,8,5449,0,5934,1
86084043198752959566539087,3551,3551,3551,7102,0,477,8,5455,0,5941,1
86084043198752959566539087,3551,3551,3551,7102,0,480,8,5444,0,5934,1
86084043198752959566539087,3551,3551,3551,7102,0,481,8,5453,0,5944,1
86084043198752959566539087,3551,3551,3551,7102,0,480,8,5443,0,5933,1
86084043198752959566539087,3551,3551,3551,7102,0,480,8,5453,0,5944,1
86084043198752959566539087,3551,3551,3551,7102,0,481,8,5478,0,5969,1
86084043198752959566539087,3551,3551,3551,7102,0,478,9,5278,0,5767,1
86084043198752959566539087,3551,3551,3551,7102,0,478,8,5453,0,5941,1
86084043198752959566539087,3551,3551,3551,7102,0,480,8,5447,0,5937,1
86084043198752959566539087,3551,3551,3551,7102,0,480,8,5445,0,5935,1
86084043198752959566539087,3551,3551,3551,7102,0,480,8,5449,0,5939,1
86084043198752959566539087,3551,3551,3551,7102,0,481,8,5452,0,5943,1
86084043198752959566539087,3551,3551,3551,7102,0,481,8,5454,0,5945,1
86084043198752959566539087,3551,3551,3551,7102,0,478,8,5453,0,5941,1
86084043198752959566539087,3551,3551,3551,7102,0,477,8,5447,0,5934,1
86084043198752959566539087,3551,3551,3551,7102,0,477,8,5447,0,5934,1
86084043198752959566539087,3551,3551,3551,7102,0,481,8,5452,0,5943,1
86084043198752959566539087,3551,3551,3551,7102,0,480,8,5442,0,5933,1
86084043198752959566539087,3551,3551,3551,7102,0,481,8,5448,0,5938,1
86084043198752959566539087,3551,3551,3551,7102,0,481,8,5458,0,5949,1
86084043198752959566539087,3551,3551,3551,7102,0,477,8,5449,0,5936,1
86084043198752959566539087,3551,3551,3551,7102,0,484,8,5444,0,5938,1
86084043198752959566539087,3551,3551,3551,7102,0,482,8,5460,0,5952,1
86084043198752959566539087,3551,3551,3551,7102,0,481,8,5450,0,5941,1
86084043198752959566539087,3551,3551,3551,7102,0,487,8,5472,0,5969,1
86084043198752959566539087,3551,3551,3551,7102,0,481,8,5463,0,5954,1
86084043198752959566539087,3551,3551,3551,7102,0,482,8,5474,0,5966,1
86084043198752959566539087,3551,3551,3551,7102,0,478,8,5347,0,5834,1
1000474617637553175973957531,0,1,1,1,0,0,0,0,0,0,1
1000474617637553175973957531,1,1,1,2,0,0,0,0,0,0,1
1000474617637553175973957531,1,2,2,3,0,0,0,0,0,0,1
1000474617637553175973957531,2,2,2,4,0,0,0,0,0,0,1
1000474617637553175973957531,4,4,4,8,0,0,0,0,0,0,1
1000474617637553175973957531,3,8,8,11,0,0,0,0,0,0,1
1000474617637553175973957531,8,8,8,16,0,0,0,0,0,0,1
1000474617637553175973957531,11,16,16,27,0,0,0,0,0,0,1
1000474617637553175973957531,16,16,16,32,0,0,0,0,0,0,1
1000474617637553175973957531,32,32,32,64,0,0,0,0,0,0,1
1000474617637553175973957531,64,64,64,128,0,0,0,2,0,2,1
1000474617637553175973957531,27,128,128,155,0,0,0,3,0,3,1
1000474617637553175973957531,128,128,128,256,0,0,0,7,0,8,1
1000474617637553175973957531,155,256,256,411,0,2,0,20,0,22,1
1000474617637553175973957531,256,256,256,512,0,2,0,31,0,34,1
1000474617637553175973957531,411,512,512,923,0,8,0,96,0,105,1
1000474617637553175973957531,512,512,512,1024,0,10,0,117,0,128,1
1000474617637553175973957531,923,1024,1024,1947,0,37,1,415,0,454,1
1000474617637553175973957531,1024,1024,1024,2048,0,40,1,458,0,501,1
1000474617637553175973957531,1947,2048,2048,3995,0,156,4,1739,0,1900,1
1000474617637553175973957531,2048,2048,2048,4096,0,170,4,1813,0,1988,1
1000474617637553175973957531,3944,3944,3944,7888,0,608,10,6686,0,7306,1
1000474617637553175973957531,3944,3944,3944,7888,0,621,10,6707,0,7339,1
1000474617637553175973957531,3944,3944,3944,7888,0,611,10,6712,0,7334,1
1000474617637553175973957531,3944,3944,3944,7888,0,623,10,6683,0,7318,1
1000474617637553175973957531,3944,3944,3944,7888,0,607,10,6881,0,7500,1
1000474617637553175973957531,3944,3944,3944,7888,0,609,10,7048,0,7669,1
1000474617637553175973957531,3944,3944,3944,7888,0,612,10,7038,0,7662,1
1000474617637553175973957531,3944,3944,3944,7888,0,609,10,7041,0,7662,1
1000474617637553175973957531,3944,3944,3944,7888,0,611,10,7059,0,7682,1
1000474617637553175973957531,3944,3944,3944,7888,0,606,10,6934,0,7551,1
1000474617637553175973957531,3944,3944,3944,7888,0,606,10,6884,0,7501,1
1000474617637553175973957531,3944,3944,3944,7888,0,607,10,7133,0,7752,1
1000474617637553175973957531,3944,3944,3944,7888,0,609,10,7033,0,7653,1
1000474617637553175973957531,3944,3944,3944,7888,0,609,10,7035,0,7657,1
1000474617637553175973957531,3944,3944,3944,7888,0,609,10,7049,0,7670,1
1000474617637553175973957531,3944,3944,3944,7888,0,609,10,7058,0,7680,1
1000474617637553175973957531,3944,3944,3944,7888,0,609,10,6930,0,7551,1
1000474617637553175973957531,3944,3944,3944,7888,0,607,10,6879,0,7498,1
1000474617637553175973957531,3944,3944,3944,7888,0,607,10,7136,0,7755,1
1000474617637553175973957531,3944,3944,3944,7888,0,609,10,7034,0,7655,1
1000474617637553175973957531,3944,3944,3944,7888,0,610,10,7032,0,7654,1
1000474617637553175973957531,3944,3944,3944,7888,0,609,10,7046,0,7667,1
1000474617637553175973957531,3944,3944,3944,7888,0,609,10,7059,0,7680,1
1000474617637553175973957531,3944,3944,3944,7888,0,607,10,6933,0,7552,1
1000474617637553175973957531,3944,3944,3944,7888,0,606,10,6874,0,7492,1
1000474617637553175973957531,3944,3944,3944,7888,0,608,10,7131,0,7750,1
1000474617637553175973957531,3944,3944,3944,7888,0,607,10,7033,0,7652,1
1000474617637553175973957531,3944,3944,3944,7888,0,611,10,7030,0,7652,1
1000474617637553175973957531,3944,3944,3944,7888,0,609,10,7043,0,7663,1
1000474617637553175973957531,3944,3944,3944,7888,0,610,10,7051,0,7673,1
1000474617637553175973957531,3944,3944,3944,7888,0,605,10,6925,0,7542,1
1000474617637553175973957531,3944,3944,3944,7888,0,608,10,6879,0,7499,1
1000474617637553175973957531,3944,3944,3944,7888,0,605,10,7128,0,7745,1
1000474617637553175973957531,3944,3944,3944,7888,0,612,10,7029,0,7652,1
1000474617637553175973957531,3944,3944,3944,7888,0,610,10,7029,0,7651,1
1000474617637553175973957531,3944,3944,3944,7888,0,612,10,7042,0,7666,1
1000474617637553175973957531,3944,3944,3944,7888,0,609,10,7075,0,7696,1
1000474617637553175973957531,3944,3944,3944,7888,0,606,10,6926,0,7544,1
1000474617637553175973957531,3944,3944,3944,7888,0,606,10,6876,0,7494,1
1000474617637553175973957531,3944,3944,3944,7888,0,611,10,7131,0,7754,1
1000474617637553175973957531,3944,3944,3944,7888,0,613,10,7034,0,7658,1
1000474617637553175973957531,3944,3944,3944,7888,0,610,10,7031,0,7652,1
1000474617637553175973957531,3944,3944,3944,7888,0,609,10,7050,0,7671,1
1000474617637553175973957531,3944,3944,3944,7888,0,610,10,7052,0,7674,1
1000474617637553175973957531,3944,3944,3944,7888,0,607,10,6924,0,7543,1
1000474617637553175973957531,3944,3944,3944,7888,0,607,10,6869,0,7488,1
1000474617637553175973957531,3944,3944,3944,7888,0,606,10,7128,0,7746,1
1000474617637553175973957531,3944,3944,3944,7888,0,612,10,7027,0,7651,1
1000474617637553175973957531,3944,3944,3944,7888,0,610,10,7031,0,7653,1
1000474617637553175973957531,3944,3944,3944,7888,0,610,10,7040,0,7661,1
1000474617637553175973957531,3944,3944,3944,7888,0,613,10,7049,0,7674,1
1000474617637553175973957531,3944,3944,3944,7888,0,608,11,6927,0,7548,1
1000474617637553175973957531,3944,3944,3944,7888,0,607,10,6879,0,7498,1
1000474617637553175973957531,3944,3944,3944,7888,0,611,10,7134,0,7756,1
1000474617637553175973957531,3944,3944,3944,7888,0,609,10,7025,0,7646,1
1000474617637553175973957531,3944,3944,3944,7888,0,610,10,7032,0,7654,1
1000474617637553175973957531,3944,3944,3944,7888,0,608,10,7047,0,7667,1
1000474617637553175973957531,3944,3944,3944,7888,0,610,10,7054,0,7675,1
1000474617637553175973957531,3944,3944,3944,7888,0,606,10,6921,0,7538,1
1000474617637553175973957531,3944,3944,3944,7888,0,608,10,6873,0,7493,1
1000474617637553175973957531,3944,3944,3944,7888,0,606,10,7131,0,7749,1
1000474617637553175973957531,3944,3944,3944,7888,0,610,10,7030,0,7652,1
1000474617637553175973957531,3944,3944,3944,7888,0,609,10,7027,0,7648,1
1000474617637553175973957531,3944,3944,3944,7888,0,609,10,7052,0,7673,1
1000474617637553175973957531,3944,3944,3944,7888,0,610,10,7054,0,7676,1
1000474617637553175973957531,3944,3944,3944,7888,0,606,10,6935,0,7554,1
1000474617637553175973957531,3944,3944,3944,7888,0,607,10,6871,0,7490,1
1000474617637553175973957531,3944,3944,3944,7888,0,607,10,7132,0,7752,1
1000474617637553175973957531,3944,3944,3944,7888,0,613,10,7031,0,7655,1
1000474617637553175973957531,3944,3944,3944,7888,0,610,10,7028,0,7650,1
1000474617637553175973957531,3944,3944,3944,7888,0,609,10,7040,0,7660,1
1000474617637553175973957531,3944,3944,3944,7888,0,613,10,7053,0,7678,1
1000474617637553175973957531,3944,3944,3944,7888,0,605,10,6927,0,7543,1
1000474617637553175973957531,3944,3944,3944,7888,0,610,10,6877,0,7499,1
1000474617637553175973957531,3944,3944,3944,7888,0,607,10,7134,0,7752,1
1000474617637553175973957531,3944,3944,3944,7888,0,609,10,7050,0,7670,1
1000474617637553175973957531,3944,3944,3944,7888,0,611,10,7030,0,7653,1
1000474617637553175973957531,3944,3944,3944,7888,0,610,10,7047,0,7669,1
1000474617637553175973957531,3944,3944,3944,7888,0,612,10,7053,0,7677,1
1000474617637553175973957531,3944,3944,3944,7888,0,605,10,6927,0,7544,1
1000474617637553175973957531,3944,3944,3944,7888,0,608,10,6886,0,7505,1
1000474617637553175973957531,3944,3944,3944,7888,0,607,10,7131,0,7750,1
1000474617637553175973957531,3944,3944,3944,7888,0,609,10,7030,0,7650,1
1000474617637553175973957531,3944,3944,3944,7888,0,611,10,7028,0,7651,1
1000474617637553175973957531,3944,3944,3944,7888,0,609,10,7045,0,7666,1
1000474617637553175973957531,3944,3944,3944,7888,0,609,10,7053,0,7674,1
1000474617637553175973957531,3944,3944,3944,7888,0,605,10,6924,0,7541,1
1000474617637553175973957531,3944,3944,3944,7888,0,607,10,6878,0,7496,1
1000474617637553175973957531,3944,3944,3944,7888,0,609,10,7125,0,7746,1
1000474617637553175973957531,3944,3944,3944,7888,0,609,10,7030,0,7651,1
1000474617637553175973957531,3944,3944,3944,7888,0,609,10,7028,0,7649,1
1000474617637553175973957531,3944,3944,3944,7888,0,610,10,7046,0,7668,1
1000474617637553175973957531,3944,3944,3944,7888,0,610,10,7050,0,7671,1
1000474617637553175973957531,3944,3944,3944,7888,0,605,10,6927,0,7544,1
1000474617637553175973957531,3944,3944,3944,7888,0,607,10,6874,0,7492,1
1000474617637553175973957531,3944,3944,3944,7888,0,609,10,7132,0,7752,1
1000474617637553175973957531,3944,3944,3944,7888,0,608,10,7028,0,7648,1
1000474617637553175973957531,3944,3944,3944,7888,0,612,10,7029,0,7653,1
1000474617637553175973957531,3944,3944,3944,7888,0,608,10,7040,0,7660,1
1000474617637553175973957531,3944,3944,3944,7888,0,611,10,7056,0,7680,1
1000474617637553175973957531,3944,3944,3944,7888,0,610,10,6924,0,7546,1
1000474617637553175973957531,3944,3944,3944,7888,0,606,10,6878,0,7496,1
1000474617637553175973957531,3944,3944,3944,7888,0,607,10,7127,0,7745,1
1000474617637553175973957531,3944,3944,3944,7888,0,614,10,7034,0,7659,1
1000474617637553175973957531,3944,3944,3944,7888,0,609,10,7023,0,7643,1
1000474617637553175973957531,3944,3944,3944,7888,0,613,10,7038,0,7662,1
1000474617637553175973957531,3944,3944,3944,7888,0,610,10,7052,0,7673,1
1000474617637553175973957531,3944,3944,3944,7888,0,605,10,6928,0,7546,1
1000474617637553175973957531,3944,3944,3944,7888,0,606,10,6874,0,7491,1
1000474617637553175973957531,3944,3944,3944,7888,0,607,10,7129,0,7747,1
1000474617637553175973957531,3944,3944,3944,7888,0,607,10,7030,0,7649,1
1000474617637553175973957531,3944,3944,3944,7888,0,610,10,7034,0,7656,1
1000474617637553175973957531,3944,3944,3944,7888,0,609,10,7043,0,7664,1
1000474617637553175973957531,3944,3944,3944,7888,0,611,10,7048,0,7672,1
1000474617637553175973957531,3944,3944,3944,7888,0,606,10,6925,0,7543,1
1000474617637553175973957531,3944,3944,3944,7888,0,622,10,6877,0,7511,1
1000474617637553175973957531,3944,3944,3944,7888,0,608,10,7131,0,7750,1
1000474617637553175973957531,3944,3944,3944,7888,0,609,10,7026,0,7647,1
1000474617637553175973957531,3944,3944,3944,7888,0,609,10,7029,0,7650,1
1000474617637553175973957531,3944,3944,3944,7888,0,611,10,7050,0,7673,1
1000474617637553175973957531,3944,3944,3944,7888,0,610,10,7056,0,7678,1
1000474617637553175973957531,3944,3944,3944,7888,0,606,10,6921,0,7538,1
1000474617637553175973957531,3944,3944,3944,7888,0,609,10,6874,0,7495,1
1000474617637553175973957531,3944,3944,3944,7888,0,607,10,7129,0,7748,1
387121083116233373653498534693,0,1,1,1,0,0,0,0,0,0,1
387121083116233373653498534693,1,1,1,2,0,0,0,0,0,0,1
387121083116233373653498534693,2,2,2,4,0,0,0,0,0,0,1
387121083116233373653498534693,1,4,4,5,0,0,0,0,0,0,1
387121083116233373653498534693,4,4,4,8,0,0,0,0,0,0,1
387121083116233373653498534693,8,8,8,16,0,0,0,0,0,0,1
387121083116233373653498534693,16,16,16,32,0,0,0,0,0,0,1
387121083116233373653498534693,5,32,32,37,0,0,0,0,0,0,1
387121083116233373653498534693,32,32,32,64,0,0,0,0,0,0,1
387121083116233373653498534693,64,64,64,128,0,0,0,2,0,2,1
387121083116233373653498534693,128,128,128,256,0,1,0,9,0,10,1
387121083116233373653498534693,37,256,256,293,0,1,0,12,0,14,1
387121083116233373653498534693,256,256,256,512,0,3,0,35,0,39,1
387121083116233373653498534693,293,512,512,805,0,8,0,85,0,94,1
387121083116233373653498534693,512,512,512,1024,0,12,0,134,0,148,1
387121083116233373653498534693,1024,1024,1024,2048,0,52,2,533,0,587,1
387121083116233373653498534693,805,2048,2048,2853,0,121,4,1028,0,1154,1
387121083116233373653498534693,2048,2048,2048,4096,0,215,5,2107,0,2328,1
387121083116233373653498534693,2853,4096,4096,6949,0,617,9,6093,0,6722,1
387121083116233373653498534693,4096,4096,4096,8192,0,831,10,8469,0,9313,1
387121083116233373653498534693,4638,4638,4638,9276,0,1058,12,10930,0,12002,1
387121083116233373653498534693,4638,4638,4638,9276,0,1059,13,10849,0,11923,1
387121083116233373653498534693,4638,4638,4638,9276,0,1060,13,10862,0,11936,1
387121083116233373653498534693,4638,4638,4638,9276,0,1056,13,10854,0,11925,1
387121083116233373653498534693,4638,4638,4638,9276,0,1058,13,10853,0,11926,1
387121083116233373653498534693,4638,4638,4638,9276,0,1061,12,10924,0,12000,1
387121083116233373653498534693,4638,4638,4638,9276,0,1055,12,10922,0,11991,1
387121083116233373653498534693,4638,4638,4638,9276,0,1062,12,10921,0,11997,1
387121083116233373653498534693,4638,4638,4638,9276,0,1060,12,11138,0,12212,1
387121083116233373653498534693,4638,4638,4638,9276,0,1057,12,10926,0,11998,1
387121083116233373653498534693,4638,4638,4638,9276,0,1059,12,10935,0,12008,1
387121083116233373653498534693,4638,4638,4638,9276,0,1062,12,10923,0,11999,1
387121083116233373653498534693,4638,4638,4638,9276,0,1061,13,10897,0,11973,1
387121083116233373653498534693,4638,4638,4638,9276,0,1061,13,10876,0,11951,1
387121083116233373653498534693,4638,4638,4638,9276,0,1061,12,10929,0,12005,1
387121083116233373653498534693,4638,4638,4638,9276,0,1055,12,10927,0,11996,1
387121083116233373653498534693,4638,4638,4638,9276,0,1059,12,10924,0,11997,1
387121083116233373653498534693,4638,4638,4638,9276,0,1058,12,10943,0,12015,1
387121083116233373653498534693,4638,4638,4638,9276,0,1060,12,10925,0,11998,1
387121083116233373653498534693,4638,4638,4638,9276,0,1058,12,10927,0,11999,1
387121083116233373653498534693,4638,4638,4638,9276,0,1060,12,10935,0,12009,1
387121083116233373653498534693,4638,4638,4638,9276,0,1058,12,10917,0,11989,1
387121083116233373653498534693,4638,4638,4638,9276,0,1061,12,10933,0,12008,1
387121083116233373653498534693,4638,4638,4638,9276,0,1060,12,10857,0,11931,1
387121083116233373653498534693,4638,4638,4638,9276,0,1060,12,10917,0,11991,1
387121083116233373653498534693,4638,4638,4638,9276,0,1058,12,10938,0,12011,1
387121083116233373653498534693,4638,4638,4638,9276,0,1057,12,10925,0,11996,1
387121083116233373653498534693,4638,4638,4638,9276,0,1063,12,10924,0,12000,1
387121083116233373653498534693,4638,4638,4638,9276,0,1112,12,10985,0,12111,1
387121083116233373653498534693,4638,4638,4638,9276,0,1120,13,11024,0,12159,1
387121083116233373653498534693,4638,4638,4638,9276,0,1062,12,10938,0,12014,1
387121083116233373653498534693,4638,4638,4638,9276,0,1063,13,10886,0,11964,1
387121083116233373653498534693,4638,4638,4638,9276,0,1070,12,10948,0,12033,1
387121083116233373653498534693,4638,4638,4638,9276,0,1065,12,10912,0,11991,1
387121083116233373653498534693,4638,4638,4638,9276,0,1130,12,10947,0,12091,1
387121083116233373653498534693,4638,4638,4638,9276,0,1065,12,10941,0,12020,1
387121083116233373653498534693,4638,4638,4638,9276,0,1075,12,10937,0,12026,1
387121083116233373653498534693,4638,4638,4638,9276,0,1063,12,10938,0,12015,1
387121083116233373653498534693,4638,4638,4638,9276,0,1061,13,10947,0,12022,1
387121083116233373653498534693,4638,4638,4638,9276,0,1065,12,10948,0,12027,1
387121083116233373653498534693,4638,4638,4638,9276,0,1059,12,10934,0,12008,1
387121083116233373653498534693,4638,4638,4638,9276,0,1065,12,10939,0,12018,1
387121083116233373653498534693,4638,4638,4638,9276,0,1066,12,10959,0,12039,1
387121083116233373653498534693,4638,4638,4638,9276,0,1066,12,10940,0,12020,1
387121083116233373653498534693,4638,4638,4638,9276,0,1066,12,10949,0,12029,1
387121083116233373653498534693,4638,4638,4638,9276,0,1061,12,10946,0,12022,1
387121083116233373653498534693,4638,4638,4638,9276,0,1061,12,10926,0,12001,1
387121083116233373653498534693,4638,4638,4638,9276,0,1061,12,10927,0,12003,1
387121083116233373653498534693,4638,4638,4638,9276,0,1058,12,10921,0,11993,1
387121083116233373653498534693,4638,4638,4638,9276,0,1057,12,10920,0,11991,1
387121083116233373653498534693,4638,4638,4638,9276,0,1059,12,10925,0,11997,1
387121083116233373653498534693,4638,4638,4638,9276,0,1062,12,10924,0,12001,1
387121083116233373653498534693,4638,4638,4638,9276,0,1055,12,10932,0,12001,1
387121083116233373653498534693,4638,4638,4638,9276,0,1062,12,10920,0,11996,1
387121083116233373653498534693,4638,4638,4638,9276,0,1059,12,10922,0,11995,1
387121083116233373653498534693,4638,4638,4638,9276,0,1061,12,10922,0,11998,1
387121083116233373653498534693,4638,4638,4638,9276,0,1056,12,10922,0,11991,1
387121083116233373653498534693,4638,4638,4638,9276,0,1061,12,10919,0,11995,1
387121083116233373653498534693,4638,4638,4638,9276,0,1115,12,10918,0,12047,1
387121083116233373653498534693,4638,4638,4638,9276,0,1060,12,10918,0,11992,1
387121083116233373653498534693,4638,4638,4638,9276,0,1061,12,10921,0,11997,1
387121083116233373653498534693,4638,4638,4638,9276,0,1063,12,10921,0,11998,1
387121083116233373653498534693,4638,4638,4638,9276,0,1060,12,10923,0,11997,1
387121083116233373653498534693,4638,4638,4638,9276,0,1059,12,10916,0,11988,1
387121083116233373653498534693,4638,4638,4638,9276,0,1061,12,10919,0,11994,1
387121083116233373653498534693,4638,4638,4638,9276,0,1058,12,10924,0,11996,1
387121083116233373653498534693,4638,4638,4638,9276,0,1057,12,10917,0,11989,1
387121083116233373653498534693,4638,4638,4638,9276,0,1058,12,10935,0,12008,1
387121083116233373653498534693,4638,4638,4638,9276,0,1059,12,10914,0,11988,1
387121083116233373653498534693,4638,4638,4638,9276,0,1060,12,10916,0,11990,1
387121083116233373653498534693,4638,4638,4638,9276,0,1056,12,10927,0,11996,1
387121083116233373653498534693,4638,4638,4638,9276,0,1073,12,10924,0,12011,1
387121083116233373653498534693,4638,4638,4638,9276,0,1054,12,10930,0,11999,1
387121083116233373653498534693,4638,4638,4638,9276,0,1058,12,10915,0,11986,1
387121083116233373653498534693,4638,4638,4638,9276,0,1054,12,10918,0,11986,1
387121083116233373653498534693,4638,4638,4638,9276,0,1062,12,10916,0,11992,1
387121083116233373653498534693,4638,4638,4638,9276,0,1054,12,10927,0,11995,1
387121083116233373653498534693,4638,4638,4638,9276,0,1056,12,10922,0,11992,1
387121083116233373653498534693,4638,4638,4638,9276,0,1055,12,10926,0,11995,1
387121083116233373653498534693,4638,4638,4638,9276,0,1065,12,10919,0,11998,1
387121083116233373653498534693,4638,4638,4638,9276,0,1057,12,10919,0,11991,1
387121083116233373653498534693,4638,4638,4638,9276,0,1060,12,10920,0,11994,1
387121083116233373653498534693,4638,4638,4638,9276,0,1053,12,10924,0,11992,1
387121083116233373653498534693,4638,4638,4638,9276,0,1064,12,10926,0,12004,1
387121083116233373653498534693,4638,4638,4638,9276,0,1056,12,10942,0,12012,1
387121083116233373653498534693,4638,4638,4638,9276,0,1062,12,10919,0,11995,1
387121083116233373653498534693,4638,4638,4638,9276,0,1074,12,10926,0,12013,1
387121083116233373653498534693,4638,4638,4638,9276,0,1059,12,10921,0,11994,1
387121083116233373653498534693,4638,4638,4638,9276,0,1056,12,10923,0,11993,1
387121083116233373653498534693,4638,4638,4638,9276,0,1060,12,10978,0,12053,1
387121083116233373653498534693,4638,4638,4638,9276,0,1066,12,10921,0,12001,1
387121083116233373653498534693,4638,4638,4638,9276,0,1058,12,10919,0,11991,1
387121083116233373653498534693,4638,4638,4638,9276,0,1058,12,10934,0,12006,1
387121083116233373653498534693,4638,4638,4638,9276,0,1067,12,10918,0,11999,1
387121083116233373653498534693,4638,4638,4638,9276,0,1052,12,10920,0,11986,1
387121083116233373653498534693,4638,4638,4638,9276,0,1060,12,10933,0,12007,1
387121083116233373653498534693,4638,4638,4638,9276,0,1067,12,10919,0,12000,1
387121083116233373653498534693,4638,4638,4638,9276,0,1061,12,10919,0,11994,1
387121083116233373653498534693,4638,4638,4638,9276,0,1055,12,10923,0,11992,1
387121083116233373653498534693,4638,4638,4638,9276,0,1097,12,10916,0,12027,1
387121083116233373653498534693,4638,4638,4638,9276,0,1073,12,10924,0,12011,1
387121083116233373653498534693,4638,4638,4638,9276,0,1058,12,10918,0,11990,1
387121083116233373653498534693,4638,4638,4638,9276,0,1082,12,10925,0,12021,1
387121083116233373653498534693,4638,4638,4638,9276,0,1060,12,10932,0,12006,1
387121083116233373653498534693,4638,4638,4638,9276,0,1059,12,10918,0,11992,1
387121083116233373653498534693,4638,4638,4638,9276,0,1056,12,10866,0,11936,1
387121083116233373653498534693,4638,4638,4638,9276,0,1058,12,10925,0,11997,1
387121083116233373653498534693,4638,4638,4638,9276,0,1060,12,10934,0,12008,1
387121083116233373653498534693,4638,4638,4638,9276,0,1074,12,11055,0,12143,1
387121083116233373653498534693,4638,4638,4638,9276,0,1062,12,10936,0,12012,1
387121083116233373653498534693,4638,4638,4638,9276,0,1072,12,10939,0,12025,1
387121083116233373653498534693,4638,4638,4638,9276,0,1065,12,11142,0,12221,1
387121083116233373653498534693,4638,4638,4638,9276,0,1067,13,10895,0,11977,1
387121083116233373653498534693,4638,4638,4638,9276,0,1062,12,10941,0,12018,1
387121083116233373653498534693,4638,4638,4638,9276,0,1056,12,10944,0,12014,1
387121083116233373653498534693,4638,4638,4638,9276,0,1064,12,10938,0,12016,1
387121083116233373653498534693,4638,4638,4638,9276,0,1063,12,10882,0,11959,1
387121083116233373653498534693,4638,4638,4638,9276,0,1062,12,10967,0,12043,1
387121083116233373653498534693,4638,4638,4638,9276,0,1066,12,10943,0,12023,1
387121083116233373653498534693,4638,4638,4638,9276,0,1063,12,10937,0,12014,1
387121083116233373653498534693,4638,4638,4638,9276,0,1063,12,10951,0,12027,1
387121083116233373653498534693,4638,4638,4638,9276,0,1060,12,10936,0,12010,1
387121083116233373653498534693,4638,4638,4638,9276,0,1065,12,10933,0,12012,1
387121083116233373653498534693,4638,4638,4638,9276,0,1061,12,10935,0,12010,1
387121083116233373653498534693,4638,4638,4638,9276,0,1065,12,10948,0,12026,1
387121083116233373653498534693,4638,4638,4638,9276,0,1058,12,10920,0,11992,1
387121083116233373653498534693,4638,4638,4638,9276,0,1061,12,10927,0,12003,1
387121083116233373653498534693,4638,4638,4638,9276,0,1057,12,10937,0,12008,1
387121083116233373653498534693,4638,4638,4638,9276,0,1087,12,11201,0,12302,1
387121083116233373653498534693,4638,4638,4638,9276,0,1128,12,10858,0,12000,1
387121083116233373653498534693,4638,4638,4638,9276,0,1055,12,10921,0,11990,1
387121083116233373653498534693,4638,4638,4638,9276,0,1061,12,10925,0,12000,1
387121083116233373653498534693,4638,4638,4638,9276,0,1062,12,10929,0,12006,1
387121083116233373653498534693,4638,4638,4638,9276,0,1060,12,10919,0,11993,1
53437079999999999999999994656293,0,1,1,1,0,0,0,0,0,0,1
53437079999999999999999994656293,1,1,1,2,0,0,0,0,0,0,1
53437079999999999999999994656293,2,2,2,4,0,0,0,0,0,0,1
53437079999999999999999994656293,1,4,4,5,0,0,0,0,0,0,1
53437079999999999999999994656293,4,4,4,8,0,0,0,0,0,0,1
53437079999999999999999994656293,8,8,8,16,0,0,0,0,0,0,1
53437079999999999999999994656293,16,16,16,32,0,0,0,0,0,0,1
53437079999999999999999994656293,5,32,32,37,0,0,0,0,0,0,1
53437079999999999999999994656293,32,32,32,64,0,0,0,0,0,0,1
53437079999999999999999994656293,64,64,64,128,0,0,0,2,0,3,1
53437079999999999999999994656293,128,128,128,256,0,1,0,10,0,11,1
53437079999999999999999994656293,256,256,256,512,0,3,0,38,0,42,1
53437079999999999999999994656293,37,512,512,549,0,7,0,42,0,49,1
53437079999999999999999994656293,512,512,512,1024,0,14,0,142,0,158,1
53437079999999999999999994656293,549,1024,1024,1573,0,36,1,340,0,378,1
53437079999999999999999994656293,1024,1024,1024,2048,0,56,2,567,0,626,1
53437079999999999999999994656293,2048,2048,2048,4096,0,221,5,2263,0,2490,1
53437079999999999999999994656293,1573,4096,4096,5669,0,511,8,4334,0,4854,1
53437079999999999999999994656293,4096,4096,4096,8192,0,883,11,9072,0,9968,1
53437079999999999999999994656293,5377,5377,5377,10754,0,1557,18,15847,0,17424,1
53437079999999999999999994656293,5377,5377,5377,10754,0,1534,17,15635,0,17188,1
53437079999999999999999994656293,5377,5377,5377,10754,0,1540,17,16117,0,17676,1
53437079999999999999999994656293,5377,5377,5377,10754,0,1538,17,16088,0,17645,1
53437079999999999999999994656293,5377,5377,5377,10754,0,1603,17,15963,1,17585,1
53437079999999999999999994656293,5377,5377,5377,10754,0,1542,18,15956,0,17518,1
53437079999999999999999994656293,5377,5377,5377,10754,0,1537,18,15978,0,17535,1
53437079999999999999999994656293,5377,5377,5377,10754,0,1580,17,15886,0,17485,1
53437079999999999999999994656293,5377,5377,5377,10754,0,1543,18,15960,0,17522,1
53437079999999999999999994656293,5377,5377,5377,10754,0,1565,17,15956,0,17541,1
53437079999999999999999994656293,5377,5377,5377,10754,0,1537,18,16016,0,17573,1
53437079999999999999999994656293,5377,5377,5377,10754,0,1540,17,15962,0,17521,1
53437079999999999999999994656293,5377,5377,5377,10754,0,1566,17,15998,0,17583,1
53437079999999999999999994656293,5377,5377,5377,10754,0,1539,17,16008,0,17567,1
53437079999999999999999994656293,5377,5377,5377,10754,0,1538,17,16006,0,17563,1
53437079999999999999999994656293,5377,5377,5377,10754,0,1539,17,15998,0,17556,1
53437079999999999999999994656293,5377,5377,5377,10754,0,1540,17,16004,0,17563,1
53437079999999999999999994656293,5377,5377,5377,10754,0,1541,17,15994,0,17555,1
53437079999999999999999994656293,5377,5377,5377,10754,0,1543,17,16003,0,17565,1
53437079999999999999999994656293,5377,5377,5377,10754,0,1551,17,16005,0,17576,1
53437079999999999999999994656293,5377,5377,5377,10754,0,1550,17,15943,0,17513,1
53437079999999999999999994656293,5377,5377,5377,10754,0,1540,17,15961,0,17520,1
53437079999999999999999994656293,5377,5377,5377,10754,0,1552,17,16016,0,17587,1
53437079999999999999999994656293,5377,5377,5377,10754,0,1540,17,16015,0,17574,1
53437079999999999999999994656293,5377,5377,5377,10754,0,1538,17,16007,0,17565,1
53437079999999999999999994656293,5377,5377,5377,10754,0,1538,17,16002,0,17560,1
53437079999999999999999994656293,5377,5377,5377,10754,0,1540,17,15997,0,17556,1
53437079999999999999999994656293,5377,5377,5377,10754,0,1548,17,15999,0,17566,1
53437079999999999999999994656293,5377,5377,5377,10754,0,1544,17,16016,0,17579,1
53437079999999999999999994656293,5377,5377,5377,10754,0,1546,18,16004,0,17570,1
53437079999999999999999994656293,5377,5377,5377,10754,0,1544,17,16029,0,17592,1
53437079999999999999999994656293,5377,5377,5377,10754,0,1552,19,15987,0,17560,1
53437079999999999999999994656293,5377,5377,5377,10754,0,1550,18,16045,0,17615,1
53437079999999999999999994656293,5377,5377,5377,10754,0,1542,18,16039,0,17600,1
53437079999999999999999994656293,5377,5377,5377,10754,0,1545,18,16034,0,17599,1
53437079999999999999999994656293,5377,5377,5377,10754,0,1544,18,16016,0,17579,1
53437079999999999999999994656293,5377,5377,5377,10754,0,1549,18,16033,0,17601,1
53437079999999999999999994656293,5377,5377,5377,10754,0,1543,18,16038,0,17602,1
53437079999999999999999994656293,5377,5377,5377,10754,0,1548,18,16060,0,17628,1
53437079999999999999999994656293,5377,5377,5377,10754,0,1571,18,16384,0,17975,1
53437079999999999999999994656293,5377,5377,5377,10754,0,1600,18,16517,1,18137,1
53437079999999999999999994656293,5377,5377,5377,10754,0,1569,17,16322,0,17910,1
53437079999999999999999994656293,5377,5377,5377,10754,0,1558,17,16052,0,17630,1
53437079999999999999999994656293,5377,5377,5377,10754,0,1535,17,16036,0,17590,1
53437079999999999999999994656293,5377,5377,5377,10754,0,1537,17,16034,0,17591,1
53437079999999999999999994656293,5377,5377,5377,10754,0,1537,17,16029,0,17585,1
53437079999999999999999994656293,5377,5377,5377,10754,0,1538,17,16029,0,17586,1
53437079999999999999999994656293,5377,5377,5377,10754,0,1538,17,16024,0,17582,1
53437079999999999999999994656293,5377,5377,5377,10754,0,1538,17,16027,0,17584,1
53437079999999999999999994656293,5377,5377,5377,10754,0,1542,17,16026,0,17587,1
53437079999999999999999994656293,5377,5377,5377,10754,0,1542,18,15975,1,17538,1
53437079999999999999999994656293,5377,5377,5377,10754,0,1538,17,15971,0,17528,1
53437079999999999999999994656293,5377,5377,5377,10754,0,1544,18,16055,0,17618,1
53437079999999999999999994656293,5377,5377,5377,10754,0,1540,17,16031,0,17591,1
53437079999999999999999994656293,5377,5377,5377,10754,0,1535,17,16023,0,17577,1
53437079999999999999999994656293,5377,5377,5377,10754,0,1536,17,16019,0,17574,1
53437079999999999999999994656293,5377,5377,5377,10754,0,1540,19,16031,0,17591,1
53437079999999999999999994656293,5377,5377,5377,10754,0,1539,17,16031,0,17589,1
53437079999999999999999994656293,5377,5377,5377,10754,0,1538,17,16025,0,17583,1
53437079999999999999999994656293,5377,5377,5377,10754,0,1544,17,16029,0,17593,1
53437079999999999999999994656293,5377,5377,5377,10754,0,1544,17,16104,0,17667,1
53437079999999999999999994656293,5377,5377,5377,10754,0,1547,17,16407,0,17974,1
53437079999999999999999994656293,5377,5377,5377,10754,0,1630,17,16163,0,17812,1
53437079999999999999999994656293,5377,5377,5377,10754,0,1553,18,16149,0,17722,1
53437079999999999999999994656293,5377,5377,5377,10754,0,1544,17,16022,0,17584,1
53437079999999999999999994656293,5377,5377,5377,10754,0,1542,17,16014,0,17576,1
53437079999999999999999994656293,5377,5377,5377,10754,0,1546,17,16020,0,17585,1
53437079999999999999999994656293,5377,5377,5377,10754,0,1551,17,16019,0,17589,1
53437079999999999999999994656293,5377,5377,5377,10754,0,1547,17,16019,0,17586,1
53437079999999999999999994656293,5377,5377,5377,10754,0,1553,17,16013,0,17585,1
53437079999999999999999994656293,5377,5377,5377,10754,0,1552,17,15969,0,17540,1
53437079999999999999999994656293,5377,5377,5377,10754,0,1545,17,15963,0,17527,1
53437079999999999999999994656293,5377,5377,5377,10754,0,1550,17,16042,0,17611,1
53437079999999999999999994656293,5377,5377,5377,10754,0,1542,17,16042,0,17603,1
53437079999999999999999994656293,5377,5377,5377,10754,0,1543,17,16039,0,17601,1
53437079999999999999999994656293,5377,5377,5377,10754,0,1540,17,16026,0,17585,1
53437079999999999999999994656293,5377,5377,5377,10754,0,1546,17,16019,0,17584,1
53437079999999999999999994656293,5377,5377,5377,10754,0,1547,17,16019,0,17585,1
53437079999999999999999994656293,5377,5377,5377,10754,0,1550,17,16020,0,17589,1
53437079999999999999999994656293,5377,5377,5377,10754,0,1548,17,16053,0,17620,1
53437079999999999999999994656293,5377,5377,5377,10754,0,1583,18,16099,0,17702,1
53437079999999999999999994656293,5377,5377,5377,10754,0,1546,17,15968,0,17533,1
53437079999999999999999994656293,5377,5377,5377,10754,0,1553,17,16041,0,17614,1
53437079999999999999999994656293,5377,5377,5377,10754,0,1543,17,16019,0,17581,1
53437079999999999999999994656293,5377,5377,5377,10754,0,1553,17,16032,0,17604,1
53437079999999999999999994656293,5377,5377,5377,10754,0,1541,17,16020,0,17580,1
53437079999999999999999994656293,5377,5377,5377,10754,0,1545,17,16016,0,17580,1
53437079999999999999999994656293,5377,5377,5377,10754,0,1545,17,16021,0,17585,1
53437079999999999999999994656293,5377,5377,5377,10754,0,1549,17,16022,0,17589,1
53437079999999999999999994656293,5377,5377,5377,10754,0,1549,17,16017,0,17585,1
53437079999999999999999994656293,5377,5377,5377,10754,0,1547,17,15976,0,17542,1
53437079999999999999999994656293,5377,5377,5377,10754,0,1546,17,15977,0,17543,1
53437079999999999999999994656293,5377,5377,5377,10754,0,1548,17,16043,0,17611,1
53437079999999999999999994656293,5377,5377,5377,10754,0,1540,17,16024,0,17584,1
53437079999999999999999994656293,5377,5377,5377,10754,0,1540,18,16016,0,17576,1
53437079999999999999999994656293,5377,5377,5377,10754,0,1540,17,16019,0,17579,1
53437079999999999999999994656293,5377,5377,5377,10754,0,1541,17,16019,0,17579,1
53437079999999999999999994656293,5377,5377,5377,10754,0,1545,17,16027,0,17591,1
53437079999999999999999994656293,5377,5377,5377,10754,0,1546,17,16039,0,17604,1
53437079999999999999999994656293,5377,5377,5377,10754,0,1552,18,16029,0,17601,1
53437079999999999999999994656293,5377,5377,5377,10754,0,1547,17,15980,0,17546,1
53437079999999999999999994656293,5377,5377,5377,10754,0,1545,17,15980,0,17544,1
53437079999999999999999994656293,5377,5377,5377,10754,0,1548,17,16048,0,17615,1
53437079999999999999999994656293,5377,5377,5377,10754,0,1543,17,16032,0,17594,1
53437079999999999999999994656293,5377,5377,5377,10754,0,1541,17,16034,0,17594,1
53437079999999999999999994656293,5377,5377,5377,10754,0,1543,17,16029,0,17592,1
53437079999999999999999994656293,5377,5377,5377,10754,0,1544,17,16018,0,17581,1
53437079999999999999999994656293,5377,5377,5377,10754,0,1546,17,16047,0,17613,1
53437079999999999999999994656293,5377,5377,5377,10754,0,1548,17,16028,0,17595,1
53437079999999999999999994656293,5377,5377,5377,10754,0,1559,17,16038,0,17616,1
53437079999999999999999994656293,5377,5377,5377,10754,0,1548,17,16130,1,17697,1
53437079999999999999999994656293,5377,5377,5377,10754,0,1596,19,16302,0,17919,1
53437079999999999999999994656293,5377,5377,5377,10754,0,1580,17,16184,0,17784,1
53437079999999999999999994656293,5377,5377,5377,10754,0,1539,17,16282,0,17840,1
53437079999999999999999994656293,5377,5377,5377,10754,0,1551,17,16660,0,18230,1
53437079999999999999999994656293,5377,5377,5377,10754,0,1646,19,16420,0,18087,1
53437079999999999999999994656293,5377,5377,5377,10754,0,1545,17,16014,0,17578,1
53437079999999999999999994656293,5377,5377,5377,10754,0,1540,18,15998,0,17559,1
53437079999999999999999994656293,5377,5377,5377,10754,0,1545,17,16006,0,17571,1
53437079999999999999999994656293,5377,5377,5377,10754,0,1547,17,16003,0,17570,1
53437079999999999999999994656293,5377,5377,5377,10754,0,1553,17,15944,0,17517,1
53437079999999999999999994656293,5377,5377,5377,10754,0,1543,17,15953,0,17515,1
53437079999999999999999994656293,5377,5377,5377,10754,0,1553,17,16021,0,17593,1
53437079999999999999999994656293,5377,5377,5377,10754,0,1539,17,16007,0,17565,1
53437079999999999999999994656293,5377,5377,5377,10754,0,1539,17,16010,0,17568,1
53437079999999999999999994656293,5377,5377,5377,10754,0,1542,17,16014,0,17576,1
53437079999999999999999994656293,5377,5377,5377,10754,0,1542,17,15996,0,17557,1
53437079999999999999999994656293,5377,5377,5377,10754,0,1545,17,15999,0,17563,1
53437079999999999999999994656293,5377,5377,5377,10754,0,1545,17,16007,0,17571,1
53437079999999999999999994656293,5377,5377,5377,10754,0,1550,17,16003,0,17572,1
53437079999999999999999994656293,5377,5377,5377,10754,0,1549,17,15961,0,17529,1
53437079999999999999999994656293,5377,5377,5377,10754,0,1546,17,15938,0,17504,1
53437079999999999999999994656293,5377,5377,5377,10754,0,1548,17,16031,0,17598,1
53437079999999999999999994656293,5377,5377,5377,10754,0,1544,17,16006,0,17569,1
689960931088884849033689023336009222695077,0,1,1,1,0,0,0,0,0,0,1
689960931088884849033689023336009222695077,1,1,1,2,0,0,0,0,0,0,1
689960931088884849033689023336009222695077,2,2,2,4,0,0,0,0,0,0,1
689960931088884849033689023336009222695077,1,4,4,5,0,0,0,0,0,0,1
689960931088884849033689023336009222695077,4,4,4,8,0,0,0,0,0,0,1
689960931088884849033689023336009222695077,8,8,8,16,0,0,0,0,0,0,1
689960931088884849033689023336009222695077,16,16,16,32,0,0,0,0,0,0,1
689960931088884849033689023336009222695077,5,32,32,37,0,0,0,0,0,0,1
689960931088884849033689023336009222695077,32,32,32,64,0,0,0,0,0,1,1
689960931088884849033689023336009222695077,64,64,64,128,0,0,0,3,0,4,1
689960931088884849033689023336009222695077,37,128,128,165,0,0,0,6,0,7,1
689960931088884849033689023336009222695077,128,128,128,256,0,1,0,14,0,16,1
689960931088884849033689023336009222695077,256,256,256,512,0,6,0,54,0,61,1
689960931088884849033689023336009222695077,512,512,512,1024,0,22,1,205,0,229,1
689960931088884849033689023336009222695077,1024,1024,1024,2048,0,93,3,808,0,905,1
689960931088884849033689023336009222695077,165,2048,2048,2213,0,182,3,944,0,1130,1
689960931088884849033689023336009222695077,2048,2048,2048,4096,0,364,7,3232,0,3604,1
689960931088884849033689023336009222695077,4096,4096,4096,8192,0,1445,16,12946,0,14408,1
689960931088884849033689023336009222695077,2213,8192,8192,10405,0,3135,20,20939,0,24096,1
689960931088884849033689023336009222695077,8192,8192,8192,16384,0,5868,36,51867,1,57774,1
689960931088884849033689023336009222695077,9322,9322,9322,18644,0,7680,43,67459,1,75185,1
689960931088884849033689023336009222695077,9322,9322,9322,18644,0,7739,43,67420,1,75204,1
689960931088884849033689023336009222695077,9322,9322,9322,18644,0,7749,43,67435,1,75230,1
689960931088884849033689023336009222695077,9322,9322,9322,18644,0,7611,43,67451,1,75108,1
689960931088884849033689023336009222695077,9322,9322,9322,18644,0,7596,42,67475,1,75117,1
689960931088884849033689023336009222695077,9322,9322,9322,18644,0,7628,43,67436,1,75110,1
689960931088884849033689023336009222695077,9322,9322,9322,18644,0,7632,43,67782,1,75460,1
689960931088884849033689023336009222695077,9322,9322,9322,18644,0,7854,42,67484,1,75384,1
689960931088884849033689023336009222695077,9322,9322,9322,18644,0,7619,43,67461,1,75125,1
689960931088884849033689023336009222695077,9322,9322,9322,18644,0,7610,43,67439,1,75096,1
689960931088884849033689023336009222695077,9322,9322,9322,18644,0,7648,42,67468,1,75161,1
689960931088884849033689023336009222695077,9322,9322,9322,18644,0,7595,43,67439,1,75079,1
689960931088884849033689023336009222695077,9322,9322,9322,18644,0,7606,43,67464,1,75115,1
689960931088884849033689023336009222695077,9322,9322,9322,18644,0,7609,43,67468,1,75123,1
689960931088884849033689023336009222695077,9322,9322,9322,18644,0,7610,43,67454,1,75110,1
689960931088884849033689023336009222695077,9322,9322,9322,18644,0,7639,43,67457,1,75142,1
689960931088884849033689023336009222695077,9322,9322,9322,18644,0,7625,43,67455,1,75125,1
689960931088884849033689023336009222695077,9322,9322,9322,18644,0,7615,43,67435,1,75095,1
689960931088884849033689023336009222695077,9322,9322,9322,18644,0,7616,43,67414,1,75075,1
689960931088884849033689023336009222695077,9322,9322,9322,18644,0,7608,43,67448,1,75102,1
689960931088884849033689023336009222695077,9322,9322,9322,18644,0,7632,43,67440,1,75117,1
689960931088884849033689023336009222695077,9322,9322,9322,18644,0,7609,42,67669,1,75322,1
689960931088884849033689023336009222695077,9322,9322,9322,18644,0,7619,43,67428,1,75092,1
689960931088884849033689023336009222695077,9322,9322,9322,18644,0,7594,43,67443,1,75083,1
689960931088884849033689023336009222695077,9322,9322,9322,18644,0,7606,42,67477,1,75127,1
689960931088884849033689023336009222695077,9322,9322,9322,18644,0,7741,43,67421,1,75208,1
689960931088884849033689023336009222695077,9322,9322,9322,18644,0,7592,43,67430,1,75067,1
689960931088884849033689023336009222695077,9322,9322,9322,18644,0,7598,42,67432,1,75075,1
689960931088884849033689023336009222695077,9322,9322,9322,18644,0,7608,44,67647,1,75302,1
689960931088884849033689023336009222695077,9322,9322,9322,18644,0,7653,43,67483,1,75181,1
689960931088884849033689023336009222695077,9322,9322,9322,18644,0,7608,42,67443,1,75096,1
